imdbId,title,genre,score,viewers
tt0118578,Albela(2001),Romance,3.7,819
tt0169102,Lagaan: Once Upon a Time in India(2001),Adventure | Drama | Musical,8.1,118K
tt0187279,Meri Biwi Ka Jawab Nahin(2004),Action | Comedy,3.5,746
tt0222024,Hum Tumhare Hain Sanam(2002),Drama | Romance,5.4,7.4K
tt0227194,One 2 Ka 4(2001),Action | Comedy | Drama,5.5,5.4K
tt0238936,Devdas(2002),Musical | Romance,7.5,45K
tt0247911,Aap Mujhe Achche Lagne Lage(2002),Action | Drama | Romance,3.1,2.7K
tt0248126,Kabhi Khushi Kabhie Gham...(2001),Drama | Musical | Romance,7.4,53K
tt0248216,Na Tum Jaano Na Hum(2002),Comedy | Drama | Musical,4.9,3K
tt0248617,Yaadein...(2001),Musical | Drama | Romance,4.2,3.7K
tt0255713,Zubeidaa(2001),Adventure | Biography | Drama,6.5,1.7K
tt0256692,Chori Chori Chupke Chupke(2001),Drama | Musical | Romance,5.5,5.1K
tt0265148,Main Prem Ki Diwani Hoon(2003),Musical | Drama | Romance,3.8,4.9K
tt0265452,Officer(2001),Action | Crime | Drama,4.2,150
tt0267363,Chandni Bar(2001),Crime | Drama,7.6,2.7K
tt0271604,Kuch Khatti Kuch Meethi(2001),Drama | Family,4.7,703
tt0272543,Censor(2001),Musical | Romance,3.1,137
tt0272607,Farz(2001),Action,4.4,497
tt0272735,Mujhe Meri Biwi Se Bachaao(2001),Comedy | Musical | Family,3.5,107
tt0272736,Mujhse Dosti Karoge!(2002),Musical | Romance | Drama,5.0,6K
tt0273164,Daman: A Victim of Marital Violence(2001),Drama | Family,5.6,105
tt0273406,Aashiq(2001),Action | Comedy | Drama,4.0,498
tt0273535,Dil Ne Phir Yaad Kiya(2001),Drama | Musical | Romance,3.3,134
tt0274019,Pyaar Diwana Hota Hai(2002),Romance,3.9,395
tt0275381,Grahan(2001),Drama | Romance,5.3,111
tt0277981,Rahul(2001),Drama,5.3,285
tt0278291,Ajnabee(2001),Crime | Mystery | Thriller,6.3,9K
tt0278522,Jodi No.1(2001),Comedy,5.8,2.6K
tt0279021,Chhupa Rustam: A Musical Thriller(2001),Crime | Drama | Romance,4.5,116
tt0280720,The Guru(2002),Comedy | Fantasy | Music,5.4,15K
tt0281102,Pyaar Tune Kya Kiya...(2001),Thriller,5.7,895
tt0283911,Bas Itna Sa Khwaab Hai...(2001),Romance,3.8,637
tt0284137,Gadar: Ek Prem Katha(2001),Action | Drama | Romance,7.3,13K
tt0284328,Mujhe Kucch Kehna Hai(2001),Romance,4.8,1.3K
tt0285319,Paagalpan(2001),Romance,6.8,47
tt0287537,Love Ke Liye Kuch Bhi Karega(2001),Comedy | Crime | Romance,6.0,1.8K
tt0288273,Uljhan(2001),Drama,4.7,26
tt0289845,Aks(2001),Thriller | Mystery,5.8,1.8K
tt0290326,Tum Bin...: Love Will Find a Way(2001),Drama | Romance,7.5,3.7K
tt0291376,Nayak: The Real Hero(2001),Drama | Action,7.8,17K
tt0292490,Dil Chahta Hai(2001),Comedy | Drama,8.1,74K
tt0292552,Hum Ho Gaye Aap Ke(2001),Musical,4.4,453
tt0292740,Yeh Raaste Hain Pyaar Ke(2001),Romance |Drama,4.0,791
tt0293342,Lajja(2001),Drama | Musical | Crime,6.6,2.8K
tt0294662,Kaante(2002),Action | Crime | Drama,6.6,5.3K
tt0295603,Shirdi Sai Baba(2001),Drama | Mystery,4.5,196
tt0296535,Bollywood Bound(2003),Documentary,6.2,911
tt0296574,Company(2002),Action | Crime | Thriller,8.0,16K
tt0297983,Ittefaq(2001),Action | Drama | Thriller,4.9,99
tt0298606,Yeh Teraa Ghar Yeh Meraa Ghar(2001),Comedy | Drama,5.9,927
tt0298607,Yeh Zindagi Ka Safar(2001),Drama,3.6,159
tt0299108,Rehnaa Hai Terre Dil Mein(2001),Musical,7.6,8.8K
tt0300028,Indian(2001),Action | Crime | Drama,5.4,2.5K
tt0301179,Deewaanapan(2001),Romance |Drama,4.6,470
tt0301240,Moksha: Salvation(2001),Drama | Thriller,6.2,445
tt0301250,Tera Mera Saath Rahen(2001),Drama,5.1,358
tt0302524,Ehsaas: The Feeling(2001),Drama,5.2,118
tt0303187,Veer Savarkar(2001),Biography | Drama,7.7,205
tt0305173,Aamdani Atthanni Kharcha Rupaiya(2001),Comedy,4.8,1.6K
tt0305455,Pitaah(2002),Action | Drama,6.4,744
tt0306434,Aankhen(2002),Comedy | Thriller | Crime,7.4,14K
tt0306840,Koi Mere Dil Se Poochhe(2002),Musical | Romance | Thriller,3.4,314
tt0306855,Style(2001),Musical | Comedy,6.7,2.2K
tt0307116,Maa Tujhhe Salaam(2002),Action | Drama,3.7,1.3K
tt0307682,Yeh Dil Aashiqanaa(2002),Action | Romance,4.4,335
tt0307866,Filhaal...(2002),Drama,5.7,276
tt0308347,Haan Maine Bhi Pyaar Kiya(2002),Musical | Romance,3.6,1.4K
tt0309087,Yeh Mohabbat Hai(2002),Action | Romance,5.2,82
tt0310254,Tumko Na Bhool Paayenge(2002),Action | Drama | Mystery,5.7,3.2K
tt0311411,Kranti(2002),Drama,3.9,434
tt0312664,Escape from Taliban(2003),Drama | Thriller | War,4.6,217
tt0312883,Kya Yehi Pyaar Hai(2002),Comedy | Musical | Romance,4.2,519
tt0313395,Kitne Door... Kitne Paas(2002),Comedy | Romance,4.5,338
tt0313743,Vadh(2002),Mystery | Thriller,6.2,185
tt0313844,16-Dec(2002),Action | Drama | Mystery,6.9,1.4K
tt0314006,Dum(2003),Crime,5.7,1.7K
tt0314008,Durga(2002),Action |Crime,4.6,21
tt0314186,Humko Tumse Pyaar Hai(2006),Romance | Thriller,5.3,614
tt0315632,Road(2002),Thriller,5.7,1.3K
tt0315767,Angaar: The Fire(2002),Action,4.9,14
tt0315777,Ansh: The Deadly Part(2002),Musical | Action,6.6,65
tt0316154,Lal Salaam(2002),Musical | Action | Drama,6.6,104
tt0316911,Yeh Kaisi Mohabbat(2002),Musical | Drama | Romance,4.0,41
tt0317811,Kasam(2001),Adventure | Drama | Crime,2.8,131
tt0319020,Awara Paagal Deewana(2002),Action | Comedy | Crime,6.2,8.9K
tt0319736,The Legend of Bhagat Singh(2002),Biography | Drama | History,8.1,17K
tt0321067,Ab Ke Baras(2002),Adventure | Fantasy | Thriller,3.5,239
tt0322653,Mere Yaar Ki Shaadi Hai(2002),Comedy | Drama | Musical,5.4,2.4K
tt0323013,Lakshya(2004),War | Drama | Romance,7.8,24K
tt0324951,23rd March 1931: Shaheed(2002),Biography | Drama | History,5.2,774
tt0325041,Badhaai Ho Badhaai(2002),Comedy | Drama | Musical,4.7,757
tt0326576,Humraaz(2002),Action | Musical | Mystery,6.4,3.7K
tt0326600,Maine Dil Tujhko Diya(2002),Romance | Action | Drama,4.0,1.2K
tt0326805,Chori Chori(2003),Comedy | Romance | Musical,4.9,934
tt0326983,Jaani Dushman: Ek Anokhi Kahani(2002),Action | Fantasy | Horror,2.6,3.7K
tt0327004,Kuch Tum Kaho Kuch Hum Kahein(2002),Action | Drama | Romance,5.9,675
tt0327005,Kyaa Dil Ne Kahaa(2002),Family | Romance,2.9,303
tt0327071,Om Jai Jagadish(2002),Drama | Musical,5.5,2.1K
tt0328503,Taj Mahal: An Eternal Love Story(2005),Drama | Musical | Romance,5.4,190
tt0328671,Yeh Hai Jalwa(2002),Comedy | Drama | Romance,4.8,2.7K
tt0328729,Dil Maange More!!!(2004),Romance,5.2,2K
tt0328998,Dil Hai Tumhaara(2002),Drama | Family | Romance,5.5,2.1K
tt0329620,Soch(2002),Thriller,4.4,103
tt0330082,Boom(2003),Action | Crime | Mystery,2.3,1.5K
tt0330217,Dil Ka Rishta(2003),Romance,4.8,1.8K
tt0330783,Pran Jaaye Par Shaan Na Jaaye(2003),Drama | Comedy,6.2,344
tt0330843,Saathiya(2002),Drama | Romance,6.8,7.5K
tt0331216,Chor Machaaye Shor(2002),Action | Comedy | Crime,4.3,1.3K
tt0331256,Gunaah(2002),Crime | Drama,3.5,391
tt0331421,Akhiyon Se Goli Maare(2002),Comedy,5.1,1.1K
tt0331453,Chhal(2002),Action | Thriller | Drama,6.7,214
tt0331479,Ek Chhotisi Love Story(2002),Comedy | Drama | Fantasy,3.1,599
tt0331639,Shakthi: The Power(2002),Action | Drama,6.1,5.2K
tt0331851,Armaan(2003),Drama | Family | Romance,5.3,1.2K
tt0332766,Sur: The Melody of Life(2002),Drama | Musical,6.5,557
tt0335044,Dil Vil Pyar Vyar(2002),Romance,5.4,511
tt0335592,Pyaasa(2002),Romance |Drama |Musical,3.4,109
tt0337578,Baghban(2003),Drama | Romance,7.4,17K
tt0337633,Hathyar: Face to Face with Reality(2002),Action | Thriller | Crime,5.7,763
tt0337652,Jeena Sirf Merre Liye(2002),Romance,4.0,828
tt0337971,Deewangee(2002),Crime | Thriller | Drama,6.5,3K
tt0337998,Ek Hindustani(2003),Action,6.2,54
tt0338477,Talaash: The Hunt Begins...(2003),Action | Adventure | Crime,4.3,1.6K
tt0338566,Yeh Kya Ho Raha Hai?(2002),Comedy | Romance,4.7,261
tt0338721,Annarth(2002),Action | Thriller,3.0,162
tt0338959,Ek Se Badhkar Ek(2004),Comedy | Thriller,4.6,188
tt0339878,Waah! Tera Kya Kehna(2002),Comedy,3.7,324
tt0340178,Jaal: The Trap(2003),Action | Musical | Drama,4.3,568
tt0340464,Zindagi Khoobsoorat Hai(2002),Drama | Family,5.6,61
tt0341266,Bhoot(2003),Horror | Thriller,6.4,3.9K
tt0341458,Maseeha(2002),Action | Crime | Drama,4.0,96
tt0341549,Rishtey(2002),Family,4.8,1K
tt0341562,Satta(2003),Crime | Drama,6.8,597
tt0342624,Karz: The Burden of Truth(2002),Action,4.0,458
tt0345043,Chura Liyaa Hai Tumne(2003),Action | Drama | Mystery,3.8,504
tt0345102,Danger(2002),Crime | Drama | Thriller,6.9,62
tt0345594,Love at Times Square(2003),Drama,2.3,236
tt0346457,The Rising: Ballad of Mangal Pandey(2005),Biography | Drama | History,6.5,10K
tt0346507,Andaaz(2003),Drama | Musical | Romance,5.2,2.7K
tt0346548,Avgat(2001),Action | Crime | Drama,5.4,20
tt0346723,Chalte Chalte(2003),Drama | Romance,6.5,16K
tt0347167,The Hero: Love Story of a Spy(2003),Action | Adventure | Drama,5.4,2.5K
tt0347278,Jhankaar Beats(2003),Comedy | Musical | Romance,7.2,2.1K
tt0347304,Kal Ho Naa Ho(2003),Comedy | Drama | Romance,7.9,72K
tt0347332,Khakee(2004),Action | Drama,7.4,16K
tt0347416,LOC: Kargil(2003),Drama | War,5.3,3.3K
tt0347473,Main Hoon Na(2004),Action | Comedy | Romance,7.0,38K
tt0347779,Pinjar(2003),Drama,7.9,2.9K
tt0348172,Tehzeeb(2003),Drama,5.7,568
tt0348190,Tere Liye(2001),Drama | Family | Musical,5.5,65
tt0348258,Tujhe Meri Kasam(2003),Romance,6.3,461
tt0348521,Aapko Pehle Bhi Kahin Dekha Hai(2003),Action | Comedy | Drama,4.7,318
tt0348656,Khushi(2003),Action | Drama | Romance,4.2,1.7K
tt0348662,Kucch To Hai(2003),Drama | Horror | Mystery,4.3,966
tt0348824,Chalo Ishq Ladaaye(2002),Comedy | Romance,4.4,591
tt0348843,Jism(2003),Drama | Romance | Thriller,5.3,2.3K
tt0349058,88 Antop Hill(2003),Thriller,4.6,77
tt0349115,Baaz: A Bird in Danger(2003),Thriller,3.4,398
tt0349333,Darna Mana Hai(2003),Horror | Adventure,6.3,3.7K
tt0349620,Inteqam: The Perfect Game(2004),Action |Romance,5.1,103
tt0349679,Khwahish(2003),Drama | Romance | Musical,4.2,222
tt0349703,Kyun! Ho Gaya Na...(2004),Comedy | Drama | Romance,4.3,1.9K
tt0352314,Ek Hasina Thi(2004),Crime | Romance | Thriller,7.5,7.6K
tt0352489,Kash... Aap Hamare Hote(2003),Family | Musical | Romance,5.1,96
tt0352830,Sssshhh...(2003),Horror | Mystery,4.4,396
tt0353351,Dhund: The Fog(2003),Adventure | Thriller,2.9,338
tt0354538,Ek Aur Ek Gyarah: By Hook or by Crook(2003),Action | Comedy | Musical,5.3,2.2K
tt0354786,Oops!(2003),Drama,3.7,106
tt0356982,Paanch(2003),Crime | Thriller,7.6,2.4K
tt0357208,Stumped(2003),Comedy | Drama,2.6,141
tt0358613,Om(2003),Action | Romance,4.4,45
tt0362204,Supari(2003),Crime | Drama,4.3,161
tt0362696,Haasil(2003),Crime | Drama | Romance,7.6,3K
tt0362771,Ishq Vishk(2003),Comedy | Romance,6.1,4.4K
tt0362902,Nayee Padosan(2003),Comedy,5.5,426
tt0363409,Aan: Men at Work(2004),Drama | Action,5.7,3.2K
tt0363472,Bewafaa(2005),Drama,4.1,2.6K
tt0363721,Joggers' Park(2003),Comedy | Romance,6.2,387
tt0363833,Mumbai Se Aaya Mera Dost(2003),Romance | Action | Adventure,3.3,598
tt0364303,Dev(2004),Drama,6.7,1.5K
tt0364604,Plan(2004),Action | Thriller,4.4,940
tt0364621,Qayamat: City Under Threat(2003),Action | Romance | Thriller,4.7,2.5K
tt0366276,Calcutta Mail(2003),Thriller,5.7,517
tt0366630,Janasheen(2003),Musical | Action | Drama,3.1,409
tt0366658,Kaise Kahoon Ke... Pyaar Hai(2003),Crime | Romance,3.9,43
tt0366761,Meenaxi: Tale of 3 Cities(2004),Romance |Drama,6.2,329
tt0366880,Parwana(2003),Romance |Drama,2.6,322
tt0366985,Rudraksh(2004),Fantasy | Sci-Fi,2.7,1.3K
tt0367110,Swades(2004),Drama,8.2,94K
tt0368580,Asambhav(2004),Action | Adventure | Drama,3.7,640
tt0368683,Desh(2002),Drama,5.2,59
tt0368811,Jajantaram Mamantaram(2003),Fantasy | Family,5.9,1.4K
tt0369516,Hawa(2003),Horror | Thriller,3.3,351
tt0369637,Kuch Naa Kaho(2003),Drama | Romance,5.4,2.4K
tt0371735,Hungama(2003),Comedy | Drama | Romance,7.6,16K
tt0371775,Khel(2003),Action | Thriller,4.1,526
tt0371922,Saaya(2003),Action | Drama | Horror,5.7,1K
tt0373856,Gangaajal(2003),Crime | Drama,7.8,18K
tt0373970,Khanjar(2003),Action,3.2,76
tt0373972,Khullam Khulla Pyaar Karen(2005),Comedy,4.1,352
tt0374271,Tere Naam(2003),Romance,7.2,20K
tt0374660,Footpath(2003),Action | Crime | Drama,5.4,954
tt0374848,Main Madhuri Dixit Banna Chahti Hoon!(2003),Drama | Comedy,6.3,539
tt0374887,Munnabhai M.B.B.S.(2003),Comedy | Crime,8.1,85K
tt0375611,Black(2005),Drama,8.1,36K
tt0375733,Encounter: The Killing(2002),Crime | Drama,6.2,178
tt0377126,Basti(2003),Action | Crime,7.5,34
tt0377131,Raghu Romeo(2003),Comedy,6.9,698
tt0377340,Aetbaar(2004),Drama | Musical | Romance,4.6,1.1K
tt0378025,Hawayein(2003),Drama | Romance,7.2,231
tt0378072,Hum Tum(2004),Drama | Romance | Comedy,7.0,15K
tt0378157,Kagaar: Life on the Edge(2003),Crime | Drama,5.7,61
tt0379818,I Proud to Be an Indian(2004),Action,6.1,588
tt0380337,Ek Din 24 Ghante(2003),Thriller,4.0,87
tt0381090,Chupke Se(2003),Comedy | Musical | Romance,5.5,126
tt0381408,Market(2003),Drama | Musical,4.1,155
tt0382176,Master(2001),Action,5.0,27
tt0382188,Mumbai Matinee(2003),Romance | Comedy,5.1,295
tt0382383,Yuva(2004),Action | Adventure | Crime,7.3,9.2K
tt0382385,Zameen(2003),Action,5.4,1.7K
tt0383719,Xcuse Me(2003),Comedy,5.7,935
tt0384491,Samay: When Time Strikes(2003),Thriller,7.0,2K
tt0385351,Yeh Lamhe Judaai Ke(2004),Drama,3.1,1.8K
tt0385564,Border Hindustan Ka(2003),Action | Romance,5.2,96
tt0385782,Inteha(2003),Romance |Musical |Drama,5.3,181
tt0385982,Raja Bhaiya(2003),Comedy | Drama,3.8,240
tt0386121,Woh Tera Naam Tha(2004),Romance,6.8,38
tt0387164,Dhoop(2003),Drama,7.4,273
tt0387325,Jodi Kya Banayi Wah Wah Ramji(2003),Comedy,4.0,58
tt0387486,Patth(2003),Drama,5.2,38
tt0387678,Waisa Bhi Hota Hai Part II(2003),Comedy | Action | Crime,7.4,785
tt0387989,Deewaar: Let's Bring Our Heroes Home(2004),War | Action | Drama,6.0,1.6K
tt0388315,Out of Control(2003),Comedy | Drama | Romance,3.3,272
tt0389726,Aanch(2003),Drama,5.5,122
tt0390532,Taj Mahal: A Monument of Love(2003),Drama | History | Romance,6.9,56
tt0390614,Waqt: The Race Against Time(2005),Comedy | Drama | Musical,6.7,10K
tt0391079,Dil Pardesi Ho Gayaa(2003),Romance | Drama,4.9,106
tt0391099,Duplicate Sholay(2002),Comedy,7.1,71
tt0391165,Fun2shh... Dudes in the 10th Century(2003),Comedy,4.6,983
tt0391187,Ghaav: The Wound(2002),Action | Crime | Drama,6.1,21
tt0391274,Kismat(2004),Action | Drama,4.1,524
tt0392625,Pratha(2002),Action | Drama | Thriller,6.5,51
tt0392950,Ishq Hai Tumse(2004),Romance,3.4,171
tt0392951,Mudda: The Issue(2003),Drama,4.2,35
tt0396044,Hadh: Life on the Edge of Death(2001),Action | Crime | Drama,4.2,20
tt0396057,Hum Pyar Tumhi Se Kar Baithe(2002),Musical | Romance,5.4,56
tt0396690,Kisna: The Warrior Poet(2005),Drama | Musical | Romance,4.6,1.4K
tt0396782,Paisa Vasool(2004),Comedy,4.3,163
tt0397882,Ab Tumhare Hawale Watan Saathiyo(2004),Action | Drama | Romance,4.4,1.7K
tt0401532,Jaago(2004),Drama,6.6,184
tt0402014,Ab Tak Chhappan(2004),Crime | Drama | Thriller,7.8,9.1K
tt0402606,Suno Sasurjee(2004),Action | Comedy | Musical,3.0,164
tt0402607,Tum: A Dangerous Obsession(2004),Drama | Romance | Thriller,3.0,204
tt0403935,Action Jackson(2014),Action | Drama | Romance,3.4,4.1K
tt0405024,Hum Kaun Hai?(2004),Horror | Drama | Mystery,3.6,366
tt0405046,Insaaf: The Justice(2004),Drama,4.0,108
tt0405266,Raincoat(2004),Drama | Romance,7.7,4.8K
tt0405507,Murder(2004),Drama | Thriller,5.5,4.2K
tt0405508,Rang De Basanti(2006),Drama,8.1,121K
tt0406977,Masti(2004),Comedy | Crime | Mystery,6.2,6.8K
tt0408837,Hawas(2004),Drama | Romance | Thriller,2.9,224
tt0408976,Krishna Cottage(2004),Comedy | Fantasy | Horror,5.2,1.3K
tt0409068,Muskaan(2004),Romance,4.5,236
tt0409527,Shabd(2005),Drama,5.1,1.5K
tt0409724,Bardaasht(2004),Drama,5.9,762
tt0410591,Shart: The Challenge(2004),Romance,3.5,171
tt0411815,Run(2004),Action | Comedy | Romance,5.0,1.4K
tt0414040,Gayab(2004),Fantasy,4.3,860
tt0414503,Shaadi Ka Laddoo(2004),Comedy,5.0,109
tt0414713,Amu(2005),Drama,7.3,934
tt0414714,Girlfriend(2004),Drama,3.3,377
tt0415003,Garv: Pride and Honour(2004),Action | Drama,5.6,4.8K
tt0415373,WOH(2004),Crime | Drama | Thriller,4.5,48
tt0415768,Dus(2005),Action | Crime | Thriller,5.5,3.5K
tt0415908,Kaal(2005),Thriller | Adventure | Mystery,4.7,5.7K
tt0416120,Police Force: An Inside Story(2004),Action | Crime | Drama,4.2,795
tt0416282,Vaastu Shastra(2004),Horror | Mystery,5.0,713
tt0416712,Elaan(2005),Action,4.6,775
tt0418096,Rakht(2004),Horror | Thriller,3.8,696
tt0418362,Mujhse Shaadi Karogi(2004),Comedy | Romance,6.7,16K
tt0418460,Aitraaz(2004),Drama | Thriller,6.6,11K
tt0418598,"Chot [Aaj Isko, Kal Tereko](2004)",Musical | Action | Crime,5.2,41
tt0418880,Mere Jeevan Saathi(2006),Music | Romance,3.4,1K
tt0419058,Phir Hera Pheri(2006),Comedy | Crime,7.2,26K
tt0419468,Baabul(2006),Drama | Family | Romance,5.4,3.5K
tt0419828,Hyderabad Blues 2(2004),Drama | Comedy,6.1,238
tt0419974,Morning Raga(2004),Drama,6.8,316
tt0420123,Revati(2005),Drama,5.4,40
tt0420304,Viruddh... Family Comes First(2005),Drama,7.1,2.2K
tt0420332,Veer-Zaara(2004),Drama | Musical | Romance,7.8,55K
tt0421277,Julie(2004),Drama,4.1,455
tt0422091,Dhoom(2004),Action | Adventure | Thriller,6.6,22K
tt0422236,Fida(2004),Adventure | Romance | Thriller,5.4,2.8K
tt0422950,Phir Milenge(2004),Drama,6.2,2.3K
tt0423087,Rok Sako To Rok Lo(2004),Adventure | Musical | Romance,4.5,1.9K
tt0426075,Lakeer - Forbidden Lines(2004),Action | Drama | Romance,4.7,1K
tt0426864,Aakhri Inteqam(2002),Action,2.8,22
tt0429289,Tauba Tauba(2004),Comedy | Drama,2.8,113
tt0430030,Dobara(2004),Musical | Drama,4.2,185
tt0430328,Madhoshi(2004),Musical | Mystery | Drama,4.6,438
tt0430381,Musafir(2004),Action | Crime | Drama,5.6,1.9K
tt0430480,Popcorn Khao! Mast Ho Jao(2004),Comedy | Drama | Romance,4.0,91
tt0430589,Shaadi Karke Phas Gaya Yaar(2006),Romance,4.0,1.4K
tt0430702,Tumsa Nahin Dekha(2004),Musical | Romance,4.6,835
tt0432047,Sarkar(2005),Action | Crime | Drama,7.6,17K
tt0432385,AK 47(2004),Action | Thriller,5.3,47
tt0432536,Hatya: The Murder(2004),Action | Crime | Fantasy,2.8,542
tt0432637,Krrish(2006),Action | Adventure | Romance,6.4,23K
tt0433605,Naach(2004),Musical | Drama,4.3,612
tt0435259,Padmashree Laloo Prasad Yadav(2005),Comedy,2.5,220
tt0435390,Shukriya: Till Death Do Us Apart(2004),Musical | Drama | Family,5.1,179
tt0435437,Taarzan: The Wonder Car(2004),Musical | Action | Drama,4.7,5.2K
tt0436451,Jo Bole So Nihaal(2005),Action,3.7,754
tt0437182,Family: Ties of Blood(2006),Action | Crime | Drama,5.7,2K
tt0437238,Hulchul(2004),Action | Comedy | Drama,7.0,8.7K
tt0437279,Khamoshh... Khauff Ki Raat(2005),Thriller,3.5,290
tt0437407,Parineeta(2005),Drama | Musical | Romance,7.2,9.4K
tt0438153,Let's Enjoy(2004),Comedy,6.5,119
tt0438875,Insan(2005),Drama | War,4.6,1.4K
tt0438894,Kisse Pyaar Karo?n(2009),Action | Comedy | Crime,3.4,162
tt0438981,Silsiilay(2005),Drama,4.3,756
tt0439662,Fanaa(2006),Drama | Musical | Romance,7.1,34K
tt0439754,Pyaar Mein Twist(2005),Comedy | Drama | Musical,5.5,205
tt0439872,Wajahh: A Reason to Kill(2004),Thriller,4.5,87
tt0441048,Dhoom:2(2006),Action | Thriller,6.5,29K
tt0442606,Mulaqaat(2002),Drama | Thriller,3.2,12
tt0442764,Dil Jo Bhi Kahey...(2005),Romance,4.7,373
tt0442799,Kis Kis Ki Kismat(2004),Comedy,2.7,155
tt0442855,Vaada(2005),Romance | Mystery | Drama,6.0,907
tt0443208,Rog(2005),Mystery | Romance | Thriller,5.2,541
tt0443331,Milenge Milenge(2010),Drama | Romance,4.0,1.9K
tt0443594,Naina(2005),Drama | Horror | Mystery,4.2,854
tt0443708,Page 3(2005),Drama,7.3,7K
tt0444767,A Sublime Love Story: Barsaat(2005),Romance,4.3,717
tt0444769,Blackmail(2005),Action | Drama | Thriller,4.7,701
tt0444781,Deewane Huye Paagal(2005),Comedy | Romance,5.5,5.4K
tt0444820,Fareb(2005),Drama | Thriller,4.2,196
tt0444840,Humko Deewana Kar Gaye(2006),Romance,5.2,4.3K
tt0444849,Karam(2005),Crime | Thriller,5.8,1.5K
tt0444874,Main Aisa Hi Hoon(2005),Musical | Drama,4.9,1.1K
tt0444913,Tango Charlie(2005),Action | Drama | War,6.1,2.2K
tt0444915,Tathastu(2006),Drama,4.5,509
tt0445022,Jurm(2005),Thriller,5.4,567
tt0445056,Sheesha(2005),Drama | Romance | Thriller,3.5,290
tt0447235,Kiss Kis Ko(2004),Musical,4.8,28
tt0447890,Chaahat Ek Nasha...(2005),Romance,3.9,88
tt0448121,Sins(2005),Drama | Romance,4.2,438
tt0448206,Bunty Aur Babli(2005),Adventure | Comedy | Crime,6.2,7.9K
tt0449189,Banaras(2006),Musical | Drama,6.1,353
tt0449228,Dosti: Friends Forever(2005),Romance,5.3,2.7K
tt0449306,Lucky: No Time for Love(2005),Musical | Drama | Romance,4.7,3.8K
tt0449389,Shaadi No. 1(2005),Comedy,3.5,984
tt0449870,Chehraa(2005),Thriller,4.3,162
tt0449982,Hum Dum(2005),Comedy | Romance,6.9,108
tt0449994,Jodhaa Akbar(2008),Action | Adventure | Biography,7.5,34K
tt0449999,Kabhi Alvida Naa Kehna(2006),Drama,6.0,21K
tt0451631,Apaharan(2005),Action | Crime | Drama,7.4,5K
tt0451639,Bachke Rehna Re Baba(2005),Comedy,2.8,219
tt0451787,Kyon Ki...(2005),Drama | Romance,5.5,4.5K
tt0451803,Maine Pyaar Kyun Kiya(2005),Comedy | Drama | Romance,5.6,5.6K
tt0451824,My Wife's Murder(2005),Thriller,6.2,953
tt0451833,No Entry(2005),Comedy | Drama | Musical,6.6,12K
tt0451850,Paheli(2005),Fantasy | Romance,6.4,14K
tt0451919,Socha Na Tha(2005),Romance | Comedy,7.4,7.8K
tt0451983,Zeher(2005),Thriller,5.6,2.2K
tt0453582,7 1/2 Phere: More Than a Wedding(2005),Comedy | Drama,5.3,317
tt0453671,Garam Masala(2005),Comedy,6.7,17K
tt0453729,Iqbal(2005),Drama,8.1,17K
tt0453748,Kuchh Meetha Ho Jaye(2005),Comedy | Romance,3.4,304
tt0454396,Aryan: Unbreakable(2006),Drama,4.4,355
tt0454429,Chingaari(2006),Drama,4.7,221
tt0456144,Lage Raho Munna Bhai(2006),Comedy | Drama | Romance,8.0,48K
tt0456165,Salaam Namaste(2005),Comedy | Drama | Romance,6.1,7.9K
tt0456413,Fight Club: Members Only(2006),Action | Comedy,3.5,1.6K
tt0456481,Jaan-E-Mann: Let's Fall in Love... Again(2006),Musical | Romance,6.1,9K
tt0456500,Kyaa Kool Hai Hum(2005),Comedy | Mystery,6.1,3.7K
tt0456549,Mr Ya Miss(2005),Comedy,3.8,535
tt0456558,Nazar(2005),Thriller,4.0,153
tt0457875,Ek Ajnabee(2005),Action | Adventure | Crime,5.3,1.8K
tt0457940,Home Delivery: Aapko... Ghar Tak(2005),Comedy | Romance,3.4,650
tt0458017,Mixed Doubles(2006),Comedy | Drama,6.5,698
tt0458027,Mumbai Godfather(2005),Action | Crime | Drama,3.7,27
tt0459133,Shabnam Mausi(2005),Drama,6.5,65
tt0459293,"Gandhi, My Father(2007)",Biography | Drama | History,7.3,1.7K
tt0459423,Kahaani Gudiya Ki...: True Story of a Woman(2008),Drama,6.3,42
tt0459475,Naam Gum Jaayega(2005),Thriller,6.1,97
tt0459605,Eklavya: The Royal Guard(2007),Action | Drama | Thriller,6.1,3.4K
tt0461209,Ek Khiladi Ek Haseena(2005),Comedy | Crime | Thriller,5.8,656
tt0461258,Kal: Yesterday and Tomorrow(2005),Drama | Mystery | Thriller,7.3,124
tt0461323,Pyare Mohan(2006),Comedy | Drama | Romance,3.4,949
tt0461936,Don(2006),Action | Crime | Thriller,7.1,39K
tt0463279,2-Oct(2003),Crime,5.3,42
tt0464160,Chup Chup Ke(2006),Comedy | Drama | Romance,6.9,12K
tt0466208,Bhairav(2001),Action,4.8,37
tt0466367,Chand Sa Roshan Chehra(2005),Romance,5.0,72
tt0466398,Ssukh(2005),Comedy | Family | Romance,5.0,67
tt0466460,Khosla's Nest(2006),Comedy | Crime | Drama,8.3,25K
tt0466546,The Film(2005),Drama | Thriller,6.4,93
tt0466580,Siskiyaan(2005),Drama | Thriller,5.2,83
tt0470398,Kasak(2005),Drama,4.7,69
tt0470521,Saawan... The Love Season(2006),Romance,2.8,1.4K
tt0470614,Yun Hota Toh Kya Hota: What If...?(2006),Drama,6.4,746
tt0470869,Neal 'N' Nikki(2005),Comedy | Musical | Romance,3.2,1.7K
tt0471646,Darwaza Bandh Rakho(2006),Comedy | Crime | Drama,5.4,396
tt0473310,Ram Gopal Varma's Indian Flames(2007),Action | Adventure | Comedy,1.4,7.1K
tt0473367,Jaane Tu... Ya Jaane Na(2008),Comedy | Drama | Romance,7.4,28K
tt0473567,...Yahaan(2005),Romance,7.5,1.2K
tt0475627,Shikhar(2005),Drama | Musical | Romance,5.1,1.2K
tt0475645,Vaah! Life Ho Toh Aisi!(2005),Comedy | Family | Musical,4.7,2.8K
tt0476527,Bluffmaster!(2005),Comedy | Romance | Thriller,6.6,6.6K
tt0476550,God Tussi Great Ho(2008),Comedy | Drama | Romance,3.7,4.7K
tt0476729,Aksar(2006),Drama | Romance,4.9,1.3K
tt0476762,Big Brother(2007),Action | Crime,4.1,907
tt0476805,Malamaal Weekly(2006),Comedy | Drama | Romance,7.0,7.4K
tt0476819,Nehlle Pe Dehlla(2007),Comedy | Thriller,3.6,561
tt0476848,Ramji Londonwaley(2005),Comedy | Drama | Family,6.6,1.2K
tt0476884,Taxi No. 9 2 11: Nau Do Gyarah(2006),Comedy | Drama | Thriller,7.3,10K
tt0476888,"Tom, Dick, and Harry(2006)",Comedy | Romance,3.3,624
tt0477252,36 China Town(2006),Comedy | Mystery | Thriller,5.7,5.1K
tt0477253,Aashiq Banaya Aapne: Love Takes Over(2005),Drama | Romance | Thriller,4.3,1.8K
tt0477574,Bengal Tiger(2001),Action | Crime,5.4,38
tt0477857,Sehar(2005),Action | Crime | Drama,7.7,2.2K
tt0478868,Koi Mere Dil Mein Hai(2005),Drama,4.9,104
tt0479674,Gumnam Qatil(2001),Horror,3.3,12
tt0480572,Pyaar Ke Side Effects(2006),Comedy | Drama | Romance,6.8,3.2K
tt0482305,Ek Aur Visphot(2002),Crime,4.0,11
tt0483029,Kyon?(2003),Crime,3.5,23
tt0483239,Bullet: Ek Dhamaka(2005),Action | Drama,3.7,61
tt0483282,Marshal(2002),Action,5.9,23
tt0484279,Miss India: The Mystery(2003),Mystery,3.7,68
tt0485272,Salaam-E-Ishq(2007),Comedy | Drama | Musical,5.2,5.7K
tt0485466,Jawani Diwani: A Youthful Joyride(2006),Romance,2.9,529
tt0485513,"Main, Meri Patni... Aur Woh!(2005)",Comedy | Drama | Romance,7.2,2.5K
tt0485522,Umrao Jaan(2006),Drama | Romance,5.4,2K
tt0485551,Time Pass(2005),Romance,4.1,45
tt0486615,London Dreams(2009),Musical,5.4,4.9K
tt0487148,Chand Bujh Gaya(2005),Drama | Thriller,6.8,76
tt0487149,Chetna: The Excitement(2005),Thriller,3.1,51
tt0488287,Darwaza(2002),Horror,4.5,62
tt0488316,Mazaa Mazaa(2005),Romance,3.0,74
tt0488381,Corporate(2006),Drama,6.6,2.1K
tt0488414,Omkara(2006),Action | Crime | Drama,8.1,21K
tt0488798,Welcome(2007),Comedy | Crime | Drama,7.0,24K
tt0488836,Hanuman(2005),Animation,7.9,1.7K
tt0488840,Koi Aap Sa: But Lovers Have to Be Friends(2005),Comedy | Drama | Romance,5.6,285
tt0488906,Zinda(2006),Action | Adventure | Drama,4.9,3.6K
tt0488976,C U at 9(2005),Drama | Horror | Mystery,4.2,80
tt0489028,Double Cross: Ek Dhoka(2005),Comedy,4.2,53
tt0489486,"Good Boy, Bad Boy(2007)",Comedy | Musical | Romance,3.9,1.9K
tt0489560,Shaadi Se Pehle(2006),Comedy | Musical | Romance,4.3,830
tt0490170,Love Story 2050(2008),Action | Adventure | Drama,2.6,2.6K
tt0490210,Sarkar Raj(2008),Action | Crime | Drama,6.7,7.7K
tt0490417,Gangobai(2002),Action,4.1,19
tt0490434,Kaaboo(2002),Action,6.9,36
tt0490454,Meri Aashiqui(2005),Romance,5.3,25
tt0490475,Raghu More: Bachelor of Hearts(2003),Comedy,4.8,17
tt0491724,Prarambh(2004),Drama,7.5,24
tt0493417,Fool N Final(2007),Action | Comedy | Romance,3.5,2.2K
tt0493437,Apna Sapna Money Money(2006),Comedy | Musical | Romance,5.4,2.2K
tt0494290,Vivah(2006),Drama | Family | Musical,6.6,10K
tt0495022,Ankahee(2006),Drama | Romance | Thriller,4.7,424
tt0495032,Gangster(2006),Crime | Drama | Mystery,7.2,6.4K
tt0495034,Golmaal: Fun Unlimited(2006),Comedy,7.4,18K
tt0497606,Dansh(2005),Drama,7.3,67
tt0497887,Bhola in Bollywood(2004),Comedy,6.7,25
tt0499041,Kalyug(2005),Action | Crime | Drama,6.5,3K
tt0499375,Guru(2007),Biography | Drama | Musical,7.7,25K
tt0758053,Saawariya(2007),Drama | Musical | Romance,5.2,8.2K
tt0770214,Kabul Express(2006),Action | Comedy | Drama,6.8,3.6K
tt0779768,Teesri Aankh: The Hidden Camera(2006),Action | Thriller,2.7,338
tt0795434,Namastey London(2007),Comedy | Drama | Romance,7.1,23K
tt0800956,Life in a Metro(2007),Comedy | Drama | Romance,7.4,12K
tt0800981,Anthony Kaun Hai?(2006),Comedy | Thriller,5.1,685
tt0805184,Bhagam Bhag(2006),Comedy | Mystery | Romance,6.6,14K
tt0806088,Heyy Babyy(2007),Comedy | Drama,6.0,15K
tt0807758,Partner(2007),Comedy | Romance,5.8,13K
tt0808306,Honeymoon Travels Pvt. Ltd.(2007),Comedy | Drama | Romance,6.1,2.8K
tt0810058,Aap Ki Khatir(2006),Romance,3.9,959
tt0811066,Shootout at Lokhandwala(2007),Action | Crime | Drama,7.1,11K
tt0813539,Mr Prime Minister(2005),Comedy,5.2,68
tt0813540,Naksha(2006),Action | Adventure,3.5,1.3K
tt0814014,Apne(2007),Drama | Sport,6.1,3.4K
tt0814082,Dil Diya Hai(2006),Drama | Romance | Thriller,3.8,531
tt0814158,Ishq Qayamat(2004),Thriller,5.8,22
tt0814295,Rocky(2006),Action | Drama | Romance,4.0,363
tt0816657,Speed(2007),Action | Drama | Romance,3.1,581
tt0819810,Traffic Signal(2007),Drama,6.6,1.7K
tt0823261,Zindaggi Rocks(2006),Drama | Romance,4.8,256
tt0823451,Dus Kahaniyaan(2007),Adventure | Crime | Drama,5.7,1.7K
tt0824316,Dor(2006),Drama,8.0,6.2K
tt0824375,Nishabd(2007),Drama,5.4,1.8K
tt0826165,Raja Bhai Lagey Raho...(2005),Comedy,T/A,T/A
tt0829200,Humein Tumse Pyar Ho Gaya Chupke Chupke(2003),Drama,2.2,39
tt0831816,Shiva(2006),Action | Crime | Drama,4.0,366
tt0831840,Ahista Ahista(2006),Drama | Romance,7.0,1.6K
tt0832365,Stop!(2004),Comedy | Romance,4.5,41
tt0833476,Jhoom Barabar Jhoom(2007),Comedy | Drama | Musical,3.7,3.4K
tt0833484,The Killer(2006),Action | Comedy | Crime,4.8,1.2K
tt0833499,Mashooka(2005),Romance | Thriller,5.4,38
tt0833537,Souten: The Other Woman(2006),Thriller,5.1,58
tt0833553,Ta Ra Rum Pum(2007),Comedy | Family | Romance,5.7,5.3K
tt0833561,Woh Lamhe(2006),Biography | Drama | Romance,6.5,1.6K
tt0839742,Bhopal: A Prayer for Rain(2014),Drama | History,7.1,2.1K
tt0845448,Dhamaal(2007),Comedy,7.4,17K
tt0845492,My Name Is Anthony Gonsalves(2008),Action | Comedy | Crime,3.9,507
tt0845494,Nanhe Jaisalmer: A Dream Come True(2007),Comedy | Drama | Family,6.2,468
tt0845503,Nigehbaan: The Third Eye(2005),Thriller,2.6,31
tt0845529,Risk(2007),Action | Drama | Thriller,6.6,616
tt0847180,Loot(2011),Action | Comedy | Crime,3.5,349
tt0847758,Pyaar Zindagi Hai(2001),Thriller,6.4,58
tt0857381,I See You(2006),Comedy | Drama | Romance,4.4,1.2K
tt0860454,MP3: Mera Pehla Pehla Pyaar(2007),Drama | Romance,7.0,2.3K
tt0872190,Cash(2007),Action | Drama | Thriller,3.4,2K
tt0874854,Anjaane: The Unkown(2005),Horror,3.9,91
tt0875692,Aggar: Passion Betrayal Terror(2007),Romance | Thriller,4.3,302
tt0882969,The Golden Boys(2008),Comedy | Romance,6.0,556
tt0885398,Anamika: The Untold Story(2008),Drama | Romance | Thriller,3.8,275
tt0886505,Kaafila(2007),Action,3.3,196
tt0886539,Luck by Chance(2009),Drama,7.1,11K
tt0887753,Kya Love Story Hai(2007),Comedy | Drama | Romance,3.3,398
tt0892874,Halla Bol(2008),Action | Crime | Drama,6.0,2.4K
tt0893585,Detective Naani(2009),Crime | Drama | Family,6.5,93
tt0896968,Red: The Dark Side(2007),Drama | Romance | Thriller,3.6,334
tt0898943,Raqeeb(2007),Crime | Drama | Mystery,4.4,313
tt0920464,Manorama Six Feet Under(2007),Crime | Drama | Mystery,7.5,8.5K
tt0926029,99.9 FM(2005),Crime,5.0,48
tt0926187,Arjun Devaa(2001),Action | Crime | Musical,3.9,30
tt0964516,Fashion(2008),Drama | Romance,6.9,13K
tt0976026,Cheeni Kum(2007),Comedy | Romance,6.8,5.5K
tt0979891,Hattrick(2007),Comedy | Drama | Romance,4.3,521
tt0982875,Gauri: The Unborn(2007),Drama | Horror | Thriller,3.8,127
tt0985636,Laaga Chunari Mein Daag: Journey of a Woman(2007),Drama,5.4,2.6K
tt0986213,Aaja Nachle(2007),Drama | Musical,6.2,3.4K
tt0986264,Taare Zameen Par(2007),Drama | Family,8.3,200K
tt0988655,A Flat(2010),Drama | Horror | Romance,4.4,227
tt0989633,Delhii Heights(2007),Drama | Romance,4.3,198
tt0991267,30 Days(2004),Horror,5.3,20
tt0991346,Bhoothnath(2008),Comedy | Drama | Fantasy,6.3,10K
tt0995031,Bhool Bhulaiyaa(2007),Comedy | Horror | Mystery,7.4,31K
tt0995035,Dhol(2007),Comedy,6.4,7.1K
tt0995718,Ek Chalis Ki Last Local(2007),Adventure | Comedy | Crime,7.3,5.3K
tt0995740,No Smoking(2007),Drama | Thriller,7.3,8.3K
tt0995752,Tashan(2008),Action | Comedy | Crime,3.8,5.7K
tt0995823,Khoya Khoya Chand(2007),Drama | Romance,6.3,570
tt0995827,The Train: Some Lines Shoulder Never Be Crossed...(2007),Thriller,4.4,1.2K
tt0995840,Aap Kaa Surroor: The Moviee - The Real Luv Story(2007),Drama | Romance | Thriller,2.3,1.7K
tt1014672,Bheja Fry(2007),Comedy | Drama,7.6,12K
tt1016044,Yehi Hai Zindagi(2005),Action | Crime | Drama,5.3,28
tt1016159,Chain Kulii Ki Main Kulii(2007),Comedy | Drama | Family,5.8,1.9K
tt1017456,Race(2008),Action | Crime | Drama,6.7,16K
tt1020937,Awarapan(2007),Action | Crime | Drama,7.4,7.7K
tt1020978,Naqaab(2007),Crime | Drama | Romance,5.4,1.5K
tt1024839,De Taali(2008),Comedy | Drama | Romance,4.2,863
tt1024852,Meerabai Not Out(2008),Comedy | Drama | Romance,4.0,96
tt1024943,Om Shanti Om(2007),Action | Comedy | Drama,6.7,47K
tt1029231,Krrish 3(2013),Action | Sci-Fi,5.3,24K
tt1034449,Kidnap(2008),Crime | Drama | Thriller,4.6,2.5K
tt1039989,Sunday(2008),Action | Comedy | Romance,5.5,2.9K
tt1039995,U Me Aur Hum(2008),Comedy | Drama | Romance,5.9,2.6K
tt1043451,Delhi-6(2009),Comedy | Drama,6.2,8.2K
tt1043876,Woodstock Villa(2008),Drama | Mystery | Thriller,3.5,427
tt1047519,Red Swastik(2007),Crime | Drama | Thriller,3.0,242
tt1050739,Roadside Romeo(2008),Animation | Comedy | Family,4.9,1.6K
tt1056465,Chanchal(2008),Drama | Musical,4.4,32
tt1060249,Drona(2008),Action | Adventure | Drama,2.0,2.7K
tt1065099,My Friend Ganesha(2007),Animation,4.9,246
tt1077248,Johnny Gaddaar(2007),Crime | Drama | Thriller,7.9,13K
tt1079967,Hastey Hastey Follow Your Heart(2008),Comedy | Drama,1.9,168
tt1083447,Buddha Mar Gaya(2007),Comedy,2.9,400
tt1083988,Journey Bombay to Goa: Laughter Unlimited(2007),Comedy,4.7,489
tt1084972,Wanted(2009),Action | Comedy | Crime,6.6,25K
tt1087856,Hello(2008),Drama | Romance,3.3,2.2K
tt1090650,Dhokha(2007),Action | Drama | Romance,6.3,494
tt1091229,Chandni Chowk to China(2009),Action | Adventure | Comedy,4.2,9.1K
tt1092005,Golmaal Returns(2008),Comedy | Crime | Drama,5.2,8.6K
tt1093370,Jab We Met(2007),Comedy | Romance,7.9,56K
tt1093387,Sab Kuch Hai Kuch Bhi Nahin(2005),Drama,5.4,11
tt1095038,Victoria No. 203: Diamonds Are Forever(2007),Comedy | Crime | Mystery,3.7,160
tt1099196,Dil Dosti Etc(2007),Comedy | Crime | Drama,6.9,2.9K
tt1101665,Shaurya: It Takes Courage to Make Right... Right(2008),Crime | Drama | Thriller,7.3,4.9K
tt1105709,8 x 10 Tasveer(2009),Crime | Drama | Mystery,5.4,5.9K
tt1105733,Kismat Konnection(2008),Comedy | Drama | Romance,5.3,5.9K
tt1105747,Yuvvraaj(2008),Comedy | Drama | Romance,4.1,4.6K
tt1114725,Heroes(2008),Action | Adventure | Comedy,5.7,2.3K
tt1117964,Bobby: Love and Lust(2005),Romance,5.3,46
tt1118646,Aseema: Beyond Boundaries(2009),Drama | Romance,5.5,23
tt1120897,Dhan Dhana Dhan Goal(2007),Sport,5.1,2.8K
tt1124386,Pankh(2010),Drama,3.6,143
tt1126516,Money Hai Toh Honey Hai(2008),Comedy | Drama,2.9,636
tt1127870,Mumbai Salsa(2007),Comedy | Drama,5.0,193
tt1132589,Hijack(2008),Action | Drama | Thriller,3.8,357
tt1132595,Maan Gaye Mughall-E-Azam(2008),Comedy | Crime | Drama,3.2,519
tt1132606,Ugly Aur Pagli(2008),Comedy | Drama,3.8,769
tt1137434,Aabra Ka Daabra(2004),Fantasy,2.7,346
tt1137979,Rama Rama Kya Hai Dramaaa(2008),Comedy | Drama | Romance,4.0,285
tt1139671,Yeh Hai Pyar Ka Mausam(2001),Crime,3.8,13
tt1144804,Kambakkht Ishq(2009),Action | Comedy | Romance,3.8,7.4K
tt1146325,Singh Is Kinng(2008),Action | Comedy | Crime,5.7,16K
tt1156148,Karzzzz(2008),Action | Drama | Musical,2.3,1.4K
tt1159917,Bombay to Bangkok(2008),Comedy | Drama | Romance,4.8,442
tt1166100,Ghajini(2008),Action | Drama | Mystery,7.3,65K
tt1169841,Return of Hanuman(2007),Animation | Action | Adventure,7.4,1.4K
tt1170399,C Kkompany(2008),Comedy | Drama,5.5,1.3K
tt1170404,Mere Baap Pehle Aap(2008),Comedy | Drama | Romance,5.4,2.4K
tt1170411,Victory(2009),Drama | Sport,3.8,552
tt1172587,Delhi Safari(2012),Animation,5.5,1.9K
tt1174041,Main Aurr Mrs Khanna(2009),Comedy | Drama,3.4,3.3K
tt1176141,Zahreela(2001),Action,5.1,59
tt1176201,Jai Ganesh Deva(2001),Fantasy,5.0,11
tt1176911,Quick Gun Murugun: Misadventures of an Indian Cowboy(2009),Action | Comedy | Drama,5.8,874
tt1176960,One Two Three(2008),Action | Comedy | Drama,5.4,2.9K
tt1176961,Paying Guests(2009),Comedy | Drama,4.4,576
tt1178657,Superstar(2008),Drama | Romance,6.1,754
tt1179781,Mission Istaanbul: Darr Ke Aagey Jeet Hai!(2008),Action | Adventure | Drama,3.5,1.2K
tt1179782,Mithya(2008),Comedy | Crime | Drama,7.0,2.1K
tt1182884,Dulha Mil Gaya(2010),Comedy | Drama,4.3,2.7K
tt1182908,Krazzy 4(2008),Action | Comedy | Crime,4.2,2.2K
tt1182937,Rab Ne Bana Di Jodi(2008),Comedy | Drama | Musical,7.2,51K
tt1182972,Bachna Ae Haseeno(2008),Comedy | Drama | Romance,6.2,12K
tt1183917,Teen Patti(2010),Drama | Thriller,4.2,1.6K
tt1183944,Sadiyaan: Boundaries Divide... Love Unites(2010),Drama | Romance,4.5,87
tt1183946,The Stoneman Murders(2009),Crime | Drama | Mystery,7.3,3.3K
tt1185412,Veer(2010),Action | Adventure | Drama,4.6,8.5K
tt1185420,Dostana(2008),Comedy | Drama | Romance,6.4,16K
tt1185442,Kurbaan(2009),Action | Crime | Drama,5.7,5.4K
tt1187043,3 Idiots(2009),Comedy | Drama,8.4,415K
tt1188982,Jai Ho(2014),Action | Drama,5.0,20K
tt1188996,My Name Is Khan(2010),Drama | Romance | Thriller,7.9,112K
tt1189006,Toonpur Ka Superrhero(2010),Animation | Action | Adventure,4.2,933
tt1191118,Hello Darling(2010),Comedy | Drama,2.8,137
tt1191138,Thoda Pyaar Thoda Magic(2008),Comedy | Drama | Family,4.9,2.8K
tt1194232,Jaane Kahan Se Aayi Hai(2010),Comedy | Drama | Fantasy,4.5,642
tt1194236,Get Educated: Paathshaala(2010),Drama,5.0,1.9K
tt1194608,Ek Vivaah... Aisa Bhi(2008),Drama | Romance,5.3,529
tt1198101,Kites(2010),Action | Drama | Romance,6.0,13K
tt1199490,Bad Luck Govind(2009),Comedy | Crime | Drama,4.0,19
tt1199534,Tulsi: Mathrudevobhava(2008),Drama,5.9,113
tt1201557,Acid Factory(2009),Action | Crime | Drama,5.1,725
tt1202344,Ab... Bas!(2004),Thriller,3.2,94
tt1202517,Barah Aana(2009),Comedy | Crime | Drama,6.7,1.3K
tt1202540,Dil Bole Hadippa!(2009),Comedy | Drama | Sport,4.7,4.5K
tt1214948,Bhram: An Illusion(2008),Drama | Mystery | Romance,4.1,126
tt1216276,26th July at Barista(2008),Drama,3.1,33
tt1216300,Jannat: In Search of Heaven...(2008),Crime | Drama | Romance,6.9,7K
tt1217608,Yaar Meri Zindagi(2008),Drama | Family | Musical,4.7,59
tt1218038,The President Is Coming(2009),Comedy,6.8,667
tt1218345,Dil Kabaddi(2008),Comedy | Drama,5.8,685
tt1220718,Via Darjeeling(2008),Drama | Mystery | Thriller,5.3,171
tt1221133,EMI: Liya Hai To Chukana Padega(2008),Comedy | Crime | Drama,4.4,644
tt1221139,Welcome to Sajjanpur(2008),Comedy | Drama,6.9,3.3K
tt1221142,Mumbai Cutting(2011),Drama,6.4,155
tt1223922,Blue(2009),Action | Adventure | Romance,3.7,5.1K
tt1224454,Sirf....: Life Looks Greener on the Other Side(2008),Drama,5.8,103
tt1227524,Aashayein(2010),Comedy | Drama,7.1,1.3K
tt1227762,Aladin(2009),Action | Adventure | Comedy,4.7,3.2K
tt1228707,Jimmy(2008),Action | Crime | Drama,1.7,294
tt1228726,Mr. White Mr. Black(2008),Action | Comedy | Crime,3.4,238
tt1228744,Pranali: The Tradition(2008),Crime | Drama,5.8,47
tt1230165,Rock On!!(2008),Drama | Music,7.7,23K
tt1230448,Billu(2009),Comedy | Drama,6.3,13K
tt1234250,Mehbooba(2008),Drama | Romance,3.8,409
tt1236441,Phir Kabhi(2008),Drama | Romance,7.3,83
tt1238718,Alibaba Aur 40 Chor(2004),Action | Adventure | Drama,4.9,42
tt1238735,Dhoom Dadakka(2008),Comedy | Crime | Drama,3.5,104
tt1241195,Aamir(2008),Drama | Thriller,7.6,11K
tt1241334,Saas Bahu Aur Sensex(2008),Comedy | Drama,5.1,98
tt1242530,What's Your Raashee?(2009),Comedy | Drama | Romance,4.8,2.8K
tt1242782,Luck(2009),Action | Adventure | Drama,4.8,2.9K
tt1242843,Contract(2008),Action | Crime | Drama,4.1,259
tt1244093,Hisss(2010),Comedy | Drama | Horror,2.9,1.9K
tt1245774,Jail(2009),Drama,6.2,1.4K
tt1252488,Haal-e-Dil(2008),Drama | Romance,3.5,271
tt1252562,Khushboo: The Fragraance of Love(2008),Comedy | Drama | Romance,4.0,24
tt1252594,Aasma: The Sky Is the Limit(2009),Drama,3.9,51
tt1252596,Ajab Prem Ki Ghazab Kahani(2009),Comedy | Romance,6.4,16K
tt1252614,Sankat City(2009),Comedy | Crime | Drama,6.2,650
tt1255873,Hari Puttar: A Comedy of Terrors(2008),Comedy | Drama | Family,2.0,356
tt1255951,De Dana Dan(2009),Comedy,5.7,9.6K
tt1259755,Boond(2001),Action | Crime | Drama,4.6,13
tt1260689,Summer 2007(2008),Crime | Drama | Thriller,6.4,259
tt1261047,Gulaal(2009),Crime | Drama | Mystery,8.0,16K
tt1266140,Mirchi: It's Hot(2004),Crime,4.1,26
tt1266545,Chamku(2008),Action | Crime | Drama,4.5,582
tt1266583,Mumbai Meri Jaan(2008),Drama,7.7,6.5K
tt1267400,Thodi Life Thoda Magic(2008),Drama,4.0,46
tt1267500,Phoonk(2008),Drama | Horror | Mystery,3.9,1.4K
tt1274295,Kaminey: The Scoundrels(2009),Action | Comedy | Crime,7.4,18K
tt1275863,Love Aaj Kal(2009),Comedy | Drama | Romance,6.8,17K
tt1278447,Sikandar(2009),Crime | Drama | Mystery,6.4,294
tt1279105,Ramaa: The Saviour(2010),Animation | Action | Adventure,3.6,184
tt1280558,A Wednesday(2008),Drama | Thriller,8.1,81K
tt1283926,My Friend Ganesha 2(2008),Animation | Family,5.3,83
tt1285241,Don 2(2011),Action | Crime | Drama,7.0,56K
tt1285245,Lahore(2010),Action | Drama | Sport,6.3,572
tt1287847,Mukhbiir(2008),Crime | Drama | Mystery,6.9,436
tt1288638,Dasvidaniya(2008),Comedy | Drama,7.8,6.5K
tt1288644,Mere Khwabon Mein Jo Aaye(2009),Drama | Fantasy | Musical,5.7,112
tt1291465,Raajneeti(2010),Action | Crime | Drama,7.1,18K
tt1292642,Allah Ke Banday(2010),Action | Crime | Drama,6.0,343
tt1292703,Oye Lucky! Lucky Oye!(2008),Comedy | Crime | Drama,7.7,18K
tt1301698,1920(2008),Drama | Horror | Mystery,6.4,3.8K
tt1305840,Aloo Chaat(2009),Comedy | Drama | Romance,5.9,958
tt1309561,Lamhaa: The Untold Story of Kashmir(2010),Action | Drama | Thriller,5.0,704
tt1314274,Hulla(2008),Comedy | Drama,6.4,262
tt1314367,Ru-Ba-Ru(2008),Drama | Romance | Thriller,5.9,282
tt1324025,Rafoo Chakkar: Fun on the Run(2008),Comedy | Crime | Drama,3.4,59
tt1324059,Wake Up Sid(2009),Comedy | Drama | Romance,7.6,33K
tt1324076,Fox(2009),Crime | Drama | Mystery,5.3,600
tt1324078,Kal Kissne Dekha(2009),Action | Crime | Romance,3.6,488
tt1327035,Dev D(2009),Comedy | Drama | Romance,7.9,32K
tt1327833,Sorry Bhai!(2008),Comedy | Drama | Romance,6.2,1.1K
tt1328634,New York(2009),Crime | Drama | History,6.8,12K
tt1334254,Maharathi(2008),Crime | Drama | Mystery,7.1,1.1K
tt1334413,Jumbo(2008),Animation | Family,5.7,1.3K
tt1334437,Blue Oranges(2009),Mystery,6.4,220
tt1334470,Raavan(2010),Action | Adventure | Crime,5.4,4.7K
tt1339313,Jalwa: Fun in Love(2005),Comedy | Drama,5.1,13
tt1340838,Raaz: The Mystery Continues(2009),Drama | Horror | Mystery,5.7,3.9K
tt1343362,Do Knot Disturb(2009),Comedy | Drama,3.7,1.3K
tt1345777,Ishqiya(2010),Comedy | Drama | Romance,7.3,11K
tt1351224,Pyaar Impossible!(2010),Comedy | Romance,4.9,3.4K
tt1363125,Naughty @ 40(2011),Comedy | Drama,2.7,326
tt1363363,Chatur Singh Two Star(2011),Action | Adventure | Comedy,1.8,698
tt1368453,Chargesheet(2011),Drama | Thriller,6.3,114
tt1369669,Jai Veeru: Friends Forever(2009),Action | Crime | Drama,3.8,313
tt1370429,99(2009),Comedy | Crime | Drama,7.3,3K
tt1372266,Kisaan(2009),Action | Crime | Drama,5.5,319
tt1372304,Wafaa(2008),Drama | Mystery | Romance,3.9,87
tt1372681,Aa Dekhen Zara(2009),Action | Crime | Drama,5.2,941
tt1372694,Gumnaam: The Mystery(2008),Crime | Mystery | Romance,3.2,120
tt1373156,Karthik Calling Karthik(2010),Drama | Romance | Thriller,7.1,13K
tt1375789,Race 2(2013),Action | Crime | Drama,5.3,17K
tt1385824,13B: Fear Has a New Address(2009),Drama | Horror | Mystery,7.3,8K
tt1388424,Three: Love Lies Betrayal(2009),Drama | Mystery | Thriller,6.0,78
tt1388903,Mirch(2010),Comedy | Drama | Fantasy,6.5,959
tt1391544,Dhoondte Reh Jaoge(2009),Comedy | Drama,5.6,881
tt1391894,Siddharth: The Prisoner(2009),Crime | Drama | Thriller,6.7,111
tt1392744,Chance Pe Dance(2010),Comedy | Drama | Romance,4.8,3.1K
tt1395025,Agent Vinod(2012),Action,5.2,7.8K
tt1395054,Once Upon a Time in Mumbai(2010),Crime | Drama | Romance,7.4,18K
tt1396208,Action Replayy(2010),Comedy | Drama | Romance,4.3,6.7K
tt1399602,Straight(2009),Comedy | Drama,5.8,374
tt1404573,Daddy Cool: Join the Fun(2009),Comedy | Drama,3.8,411
tt1408029,Krantiveer: The Revolution(2010),Action | Crime | Drama,4.5,29
tt1415252,Agyaat: The Unknown(2009),Drama | Horror | Mystery,3.0,712
tt1420539,Ek Se Bure Do(2009),Action | Comedy | Crime,4.2,84
tt1425618,Apartment: Rent at Your Own Risk(2010),Drama | Thriller,3.5,270
tt1428459,We Are Family(2010),Drama | Family,5.6,3.3K
tt1431122,No Problem(2010),Action | Comedy | Crime,4.5,2.8K
tt1431729,Mohandas(2009),Thriller,7.2,128
tt1433810,Mumbai Diaries(2010),Drama,7.0,14K
tt1433905,All the Best: Fun Begins(2009),Action | Comedy | Drama,6.2,6.7K
tt1434447,Rocket Singh: Salesman of the Year(2009),Comedy | Drama,7.5,21K
tt1438298,Guzaarish(2010),Comedy | Drama | Romance,7.4,19K
tt1438486,Chal Chala Chal(2009),Action | Comedy | Crime,4.7,368
tt1442570,Fast Forward(2009),Action | Drama | Musical,5.6,59
tt1442583,Tum Milo Toh Sahi(2010),Comedy | Drama,5.7,589
tt1446055,Don Muthu Swami(2008),Comedy | Drama,5.0,69
tt1447508,Peepli (Live)(2010),Comedy | Drama,7.4,13K
tt1451797,Rann(2010),Drama | Mystery,6.9,2.7K
tt1454461,Ek: The Power of One(2009),Action | Drama | Thriller,4.8,374
tt1454567,Team: The Force(2009),Action | Comedy | Crime,4.2,84
tt1455811,Khatta Meetha(2010),Comedy | Crime | Drama,5.9,12K
tt1455816,Prince(2010),Action | Crime | Drama,4.5,2.3K
tt1456946,Anubhav: An Actor's Tale(2009),Drama | Romance,5.8,18
tt1465488,Happy Husbands(2011),Comedy | Drama,3.3,28
tt1465493,Hum Tum Aur Ghost(2010),Comedy | Drama | Fantasy,4.9,719
tt1471247,Road to Sangam(2010),Drama | Thriller,7.3,863
tt1474271,Love Khichdi(2009),Comedy | Drama | Romance,5.7,336
tt1479667,Aagey Se Right(2009),Comedy | Crime | Drama,5.3,424
tt1479857,Zor Lagaa Ke... Haiya!(2009),Comedy | Drama | Family,6.4,78
tt1485072,Teree Sang: A Kidult Love Story(2009),Drama | Romance,6.4,648
tt1499201,Anjaana Anjaani(2010),Comedy | Drama | Musical,5.7,7.2K
tt1501301,Morning Walk(2009),Drama,5.0,71
tt1503640,Damadamm!(2011),Comedy | Drama | Romance,4.5,437
tt1504687,I Am Singh(2011),Action | Crime | Drama,5.2,73
tt1508259,Dhara(2008),Drama | Romance,4.8,13
tt1508950,Baabarr(2009),Action | Crime | Drama,5.6,331
tt1509732,Aisha(2010),Comedy | Drama | Romance,5.1,4.3K
tt1512220,My Friend Pinto(2011),Comedy | Crime | Drama,5.3,406
tt1512321,Vaada Raha... I Promise(2009),Drama,5.7,446
tt1522329,Tum Mile(2009),Drama | Romance,5.0,1.8K
tt1532957,Paa(2009),Comedy | Drama,7.1,12K
tt1535467,Patiala House(2011),Comedy | Drama | Sport,5.6,9.4K
tt1538210,Aao Wish Karein(2009),Comedy | Drama | Fantasy,5.2,643
tt1558578,Knock Out(2010),Action | Crime | Drama,6.1,2.3K
tt1562361,Let's Dance(2009),Crime | Drama | Musical,6.2,27
tt1562859,Golmaal 3(2010),Action | Comedy,5.6,9.1K
tt1562871,Ra.One(2011),Action | Adventure | Sci-Fi,4.7,45K
tt1562872,Zindagi Na Milegi Dobara(2011),Adventure | Comedy | Drama,8.2,82K
tt1569529,"U, Bomsi n Me(2005)",Comedy,7.4,18
tt1570417,Accident on Hill Road(2010),Crime | Drama | Thriller,4.1,307
tt1572311,Tees Maar Khan(2010),Comedy | Crime | Drama,2.6,14K
tt1573072,Housefull(2010),Comedy,5.5,15K
tt1573482,Striker(2010),Crime | Drama,7.0,1.1K
tt1578116,Atithi Tum Kab Jaoge?(2010),Comedy | Drama,6.4,6.5K
tt1578261,Break Ke Baad(2010),Comedy | Drama | Romance,5.2,4.5K
tt1587388,Yeh Hai Malegaon Ka Superman(2009),Comedy | Family,7.8,76
tt1591615,World Cupp 2011(2009),Crime | Drama | Sport,3.0,53
tt1594964,Chase(2010),Action | Crime | Drama,5.0,106
tt1594974,Shola: Fire of Love(2004),Action | Crime | Drama,4.3,11
tt1596723,Click(2010),Drama | Fantasy | Mystery,3.6,363
tt1600439,Shaapit: The Cursed(2010),Action | Drama | Horror,5.5,1K
tt1602476,Badmaa$h Company(2010),Comedy | Crime | Drama,6.1,7.6K
tt1603862,Jashnn: The Music Within(2009),Drama | Musical | Romance,4.5,274
tt1605778,Toh Baat Pakki!(2010),Comedy | Drama,5.2,402
tt1605790,Zokkomon(2011),Action | Adventure | Drama,4.2,443
tt1606162,Aakhari Decision(2010),Action | Drama | Thriller,5.9,79
tt1606267,Lafangey Parindey(2010),Crime | Drama | Romance,5.3,2.3K
tt1607568,Lava Kusa: The Warrior Twins(2010),Animation,7.2,41
tt1607600,Muskurake Dekh Zara(2010),Comedy | Horror | Romance,5.3,26
tt1607607,Mittal v/s Mittal(2010),Drama,4.6,18
tt1608768,City of Gold - Mumbai 1982: Ek Ankahee Kahani(2010),Crime | Drama,6.7,394
tt1608777,"LSD: Love, Sex Aur Dhokha(2010)",Comedy | Crime | Drama,7.2,5.9K
tt1610418,Prem Kaa Game(2010),Comedy | Drama,3.6,245
tt1610452,Wedding Planners(2010),Comedy | Drama | Romance,7.2,18K
tt1612573,Rokkk(2010),Drama | Horror | Mystery,4.2,156
tt1612574,Sanam Hum Aapke Hain...(2009),Drama | Romance,5.9,17
tt1612611,Phoonk 2(2010),Drama | Horror | Mystery,3.1,552
tt1612761,Idiot Box(2010),Comedy | Drama,4.4,42
tt1618430,Dum Maaro Dum(2011),Action | Crime | Drama,6.2,4.1K
tt1620620,The Japanese Wife(2010),Drama | Romance,7.6,2.5K
tt1620697,Bhavnao Ko Samjho(2010),Action | Comedy | Drama,4.5,102
tt1620719,Dabangg(2010),Action | Comedy | Crime,6.2,34K
tt1620907,Na Ghar Ke Na Ghaat Ke(2010),Comedy | Drama,6.2,300
tt1625331,Hello Zindagi(2010),Drama | Family,6.4,17
tt1627924,Mausam(2011),Drama | Romance,4.8,5.6K
tt1629241,Bumm Bumm Bole(2010),Action | Drama | Thriller,6.2,795
tt1629260,Ek Second... Jo Zindagi Badal De...(2010),Drama | Romance | Thriller,3.1,53
tt1629376,7 Khoon Maaf(2011),Drama | Mystery | Thriller,6.3,6.3K
tt1629391,Tere Bin Laden(2010),Comedy | Drama,7.2,11K
tt1629424,Trump Card(2010),Action | Drama | Mystery,3.2,25
tt1630282,Sahi Dhandhe Galat Bande(2011),Action | Comedy | Drama,5.3,280
tt1630590,Kya Yahi Sach Hai(2011),Crime | Drama | Thriller,6.5,24
tt1630613,Soch Lo(2010),Action | Crime | Drama,6.5,97
tt1633171,Bird Idol(2010),Animation,5.6,13
tt1633212,Kajraare(2010),Crime | Drama | Romance,3.0,433
tt1633226,Musaa: The Most Wanted(2010),Action | Crime | Thriller,4.0,29
tt1633250,Swaha: Life Beyond Superstition(2010),Drama | Fantasy | Horror,3.4,26
tt1637691,Khelein Hum Jee Jaan Sey(2010),Action | Drama | History,5.8,1.4K
tt1639426,Udaan(2010),Drama,8.1,46K
tt1643242,Trapped in Tradition: Rivaaz(2011),Crime | Drama | Thriller,5.3,95
tt1646217,Mr. Singh/Mrs. Mehta(2010),Drama,4.1,198
tt1649760,The Film Emotional Atyachar(2010),Comedy | Crime | Drama,6.2,307
tt1663647,Help(2010),Drama | Horror | Thriller,4.2,400
tt1666184,Turning 30!!!(2011),Comedy | Drama | Romance,5.3,411
tt1667076,F.A.L.T.U(2011),Comedy | Drama,4.7,3.2K
tt1667823,Bhindi Baazaar(2011),Crime | Drama | Thriller,6.1,727
tt1667838,I Hate Luv Storys(2010),Comedy | Drama | Romance,5.6,8.4K
tt1668078,Daayen Ya Baayen(2010),Comedy | Drama | Family,7.1,170
tt1673391,Hello Hum Lallann Bol Rahe Hain(2010),Comedy | Drama,6.3,159
tt1673411,Kushti(2010),Comedy,4.5,216
tt1674068,I Am(2011),Documentary | Biography | Family,7.5,38
tt1694542,Tanu Weds Manu(2011),Comedy | Drama | Romance,6.8,16K
tt1696191,Tere Mere Phere(2011),Comedy | Drama | Romance,5.4,262
tt1703958,Ek Main Aur Ekk Tu(2012),Comedy | Drama | Romance,5.8,7K
tt1706317,Tezz(2012),Action | Drama,4.1,2.5K
tt1708453,Aakrosh(2010),Action | Crime | Drama,7.0,3.9K
tt1708532,Ready(2011),Comedy | Romance,4.8,19K
tt1714832,Do Dooni Chaar(2010),Comedy | Drama,7.5,5.8K
tt1720254,Thank You(2011),Comedy | Drama | Romance,4.8,6.1K
tt1727496,Dil Toh Baccha Hai Ji(2011),Comedy | Drama | Romance,5.9,4.1K
tt1728986,Bol Bachchan(2012),Comedy,5.6,9.5K
tt1729637,Bodyguard(2011),Romance,4.7,27K
tt1734110,No One Killed Jessica(2011),Crime | Drama | Thriller,7.2,12K
tt1738293,Khichdi: The Movie(2010),Comedy | Drama | Family,7.3,2.8K
tt1740017,Payback(2010),Action | Crime | Drama,5.6,72
tt1740092,Chitkabrey(2011),Drama | Mystery | Thriller,4.1,154
tt1740662,Benny and Babloo(2010),Comedy | Drama,6.2,436
tt1740670,Dus Tola(2010),Comedy | Drama,7.1,333
tt1740710,Mere Brother Ki Dulhan(2011),Comedy | Drama | Romance,5.9,9.8K
tt1742307,Dunno Y Na Jaane Kyun...(2010),Drama | Romance,3.8,164
tt1744641,Ramayana: The Epic(2010),Animation,5.9,626
tt1745753,Life Express(2010),Drama,4.5,55
tt1753640,Crook: It's Good to Be Bad(2010),Action | Drama | Thriller,5.1,2.2K
tt1754920,Yeh Saali Zindagi(2011),Crime | Drama | Thriller,7.4,4.7K
tt1772762,Bachao - Inside Bhoot Hai...(2010),Horror,5.6,15
tt1772872,Game(2011),Action | Crime | Drama,5.2,2.5K
tt1773015,Phas Gaye Re Obama(2010),Comedy | Crime,7.5,5.7K
tt1773042,Shahrukh Bola 'Khoobsurat Hai Tu'... And She Believed in It(2010),Comedy | Drama,4.6,1.1K
tt1773109,Yamla Pagla Deewana(2011),Action | Comedy | Drama,5.7,4.4K
tt1774473,Love You to Death(2012),Comedy,6.0,14
tt1781838,Isi Life Mein...!(2010),Comedy | Drama | Romance,5.6,437
tt1784589,Players(2012),Action | Crime | Thriller,4.3,4.8K
tt1785333,Chittagong(2012),Action | Drama | War,7.3,1.8K
tt1787988,Talaash(2012),Crime | Drama | Mystery,7.2,44K
tt1796564,My Friend Ganesha 3(2010),Animation | Comedy | Drama,5.0,68
tt1797548,Yeh Faasley(2011),Crime | Drama | Mystery,5.9,47
tt1801521,Khap(2011),Drama | Thriller,5.0,117
tt1806740,9 Eleven(2011),Thriller,6.3,26
tt1807978,Bhoot and Friends(2010),Animation | Action | Adventure,5.4,178
tt1808221,Kaalo(2010),Action | Drama | Horror,3.6,418
tt1809399,Utt Pataang(2011),Comedy | Drama,6.0,323
tt1814619,Aashiqui.in(2011),Drama | Romance,3.7,66
tt1814683,Diary of a Butterfly(2012),Drama,3.8,105
tt1821480,Kahaani(2012),Drama | Mystery | Thriller,8.1,64K
tt1821692,United Six(2011),Action | Drama | Thriller,7.5,1.8K
tt1825655,Angel(2011),Action | Drama,6.5,95
tt1825801,Hostel(2011),Action | Crime | Drama,5.3,683
tt1828289,Shagird(2011),Action | Crime | Drama,7.0,2.2K
tt1830786,Rascals(2011),Action | Comedy | Crime,3.0,3K
tt1833673,Dhoom: 3(2013),Action | Crime | Thriller,5.4,48K
tt1836015,Kaccha Limboo(2011),Comedy | Family,6.5,104
tt1836912,Shaitan(2011),Action | Crime | Drama,7.2,8.7K
tt1839596,RockStar(2011),Music | Musical,7.7,47K
tt1841542,Chillar Party(2011),Comedy | Drama | Family,7.5,8.3K
tt1847736,U R My Jaan(2011),Romance,5.9,106
tt1848771,Aarakshan(2011),Drama | Thriller,6.2,5.8K
tt1849718,Agneepath(2012),Action | Crime | Drama,6.9,26K
tt1852076,Qasam Se Qasam Se(2012),Romance,4.2,22
tt1867070,Teen Thay Bhai(2011),Comedy | Drama,4.3,357
tt1869296,Bbuddah Hoga Terra Baap(2011),Action | Crime | Drama,5.6,3K
tt1877691,Love Breakups Zindagi(2011),Comedy | Drama | Romance,5.8,1.1K
tt1883121,404: Error Not Found(2011),Drama | Mystery | Thriller,7.3,3.1K
tt1884268,Chalo Dilli(2011),Comedy | Drama,6.8,3.4K
tt1886663,Satrangee Parachute(2011),Comedy | Drama | Family,5.4,78
tt1887763,Haunted - 3D(2011),Horror | Mystery | Thriller,6.3,2.6K
tt1887817,Monica(2011),Drama | Thriller,5.4,85
tt1890513,Ragini MMS(2011),Drama | Horror | Mystery,5.1,2.8K
tt1891884,Once Upon a Time in Mumbai Dobaara!(2013),Action | Crime | Drama,4.4,7.5K
tt1893409,Ye Stupid Pyar(2011),Romance,5.3,13
tt1896781,Masti Express(2011),Comedy | Drama,4.1,128
tt1899342,Vikalp(2011),Crime | Drama | Mystery,7.0,19
tt1900937,Mumbai Mast Kallander(2011),Action | Comedy | Crime,6.8,11
tt1905076,Tum Hi To Ho...(2011),Drama | Mystery | Thriller,4.2,13
tt1907721,Men Will Be Men(2011),Comedy,6.7,11
tt1908463,Bengaloored(2010),Drama | Romance,8.2,32
tt1912483,The Camp(2010),Adventure | Drama,6.3,18
tt1916728,Shor in the City(2011),Crime | Drama,7.2,4K
tt1918641,5ters: Castle of Dark Master(2011),Action | Adventure | Fantasy,5.2,25
tt1918650,A Strange Love Story(2011),Drama,3.5,21
tt1918886,Joker(2012),Comedy | Sci-Fi,2.4,5.7K
tt1918927,Luv Ka the End(2011),Comedy | Drama,4.9,1.7K
tt1918965,Murder 2(2011),Action | Crime | Drama,6.3,7.5K
tt1920986,Khuda Kasam(2010),Action | Crime | Drama,3.1,131
tt1921071,Queens! Destiny of Dance(2011),Musical,5.9,14
tt1926313,Pyaar Ka Punchnama(2011),Comedy | Drama | Romance,7.6,22K
tt1929309,Mallika(2010),Drama | Horror | Mystery,4.6,70
tt1934231,Delhi Belly(2011),Comedy | Crime | Drama,7.5,31K
tt1935184,Nakshatra(2010),Crime | Drama | Mystery,5.0,70
tt1937092,Always Kabhi Kabhi(2011),Comedy | Crime | Drama,4.2,1.4K
tt1937455,Vroom(2010),Action | Comedy | Crime,5.7,41
tt1939654,Bheja Fry 2(2011),Comedy | Drama,4.7,1.4K
tt1941657,Soundtrack(2011),Drama | Musical,7.1,872
tt1942905,Kucch Luv Jaisaa(2011),Crime | Drama | Thriller,4.4,144
tt1947973,Bin Bulaye Baraati(2011),Action | Comedy | Crime,3.8,308
tt1948047,Impatient Vivek(2011),Comedy | Drama | Romance,2.2,84
tt1948150,Singham(2011),Action | Crime | Drama,6.8,18K
tt1948640,The Waiting Room(2010),Crime | Drama | Mystery,5.7,117
tt1949548,Heroine(2012),Drama,5.0,4.5K
tt1954206,The Dirty Picture(2011),Biography | Comedy | Drama,6.6,10K
tt1954470,Gangs of Wasseypur(2012),Action | Crime | Drama,8.2,100K
tt1954598,Ladies vs. Ricky Bahl(2011),Comedy | Drama,6.0,10K
tt1956433,Ata Pata Lapatta(2012),Comedy | Musical,5.5,96
tt1961330,Good Luck!(2008),Comedy | Drama,3.1,20
tt1961530,Tell Me O Kkhuda(2011),Action | Crime | Drama,2.4,385
tt1964886,Love Express(2011),Comedy | Drama,5.1,124
tt1970029,Suno Na.. Ek Nanhi Aawaz(2009),Drama,5.3,11
tt1979209,Chala Mussaddi - Office Office(2011),Comedy | Drama,6.1,373
tt1980970,Gandhi to Hitler(2011),Drama | History | War,2.5,229
tt1980986,Housefull 2(2012),Comedy | Romance,5.3,15K
tt1985058,Dekh Bhai Dekh: Laughter Behind Darkness(2009),Comedy | Crime | Drama,4.7,37
tt1985981,Desi Boyz(2011),Comedy | Drama,5.7,15K
tt1986040,Ishkq in Paris(2013),Comedy | Romance,3.8,824
tt1986788,Chal Chalein(2009),Drama,6.9,34
tt1992138,Force(2011),Action | Crime | Drama,6.5,8.2K
tt1992257,Toss: A Flip of Destiny(2009),Crime | Drama | Thriller,8.8,15
tt1995245,Aamras: The Sweet Taste of Friendship(2009),Drama,5.8,70
tt1995257,Bachelor Party(2009),Comedy | Drama,4.7,47
tt1999857,Cycle Kick(2011),Drama | Sport,6.1,108
tt1999935,Not a Love Story(2011),Crime | Drama | Thriller,5.2,729
tt2011871,Ashok Chakra: Tribute to Real Heroes(2010),Action,4.7,11
tt2012576,Bubble Gum(2011),Drama,7.4,477
tt2016845,Aagaah: The Warning(2011),Drama | Horror | Thriller,3.7,34
tt2016894,Ek Tha Tiger(2012),Action | Romance | Thriller,5.6,37K
tt2023645,Phhir(2011),Drama | Mystery | Romance,5.2,216
tt2027138,Kyaa Super Kool Hain Hum(2012),Comedy,5.0,4.1K
tt2028553,Stand By(2011),Drama | Sport | Thriller,6.5,33
tt2032530,Shabri(2011),Action | Crime | Drama,5.9,161
tt2033264,Hair is Falling: A Serious Comedy Film(2011),Comedy | Drama,5.4,33
tt2033947,Aazaan(2011),Action | Drama | Mystery,4.5,379
tt2034011,Hum Tum Shabana(2011),Comedy | Crime | Drama,3.6,330
tt2035528,Hum Do Anjaane(2011),Action | Crime | Drama,4.1,21
tt2043923,Mod(2011),Drama | Romance | Thriller,6.4,436
tt2046106,Jaana Pehchana(2011),Drama,5.2,34
tt2057441,Mujhse Fraaandship Karoge(2011),Comedy | Drama | Romance,6.9,4.1K
tt2058651,Maruti Mera Dosst(2009),Animation | Adventure | Drama,8.6,102
tt2063745,Kya Dilli Kya Lahore(2014),Drama | History | War,7.3,1.9K
tt2064816,"I, Me aur Main(2013)",Drama,4.7,2K
tt2064849,London Paris New York(2012),Romance,5.6,3.8K
tt2064852,Lottery(2009),Crime | Drama | Mystery,3.3,23
tt2066062,Shortcut Romeo(2013),Action | Crime | Romance,2.9,296
tt2066899,Jugaad(2009),Comedy | Drama,5.4,88
tt2066925,Mummy Punjabi: Superman Ki Bhi Maa!!(2011),Comedy | Drama,5.2,47
tt2072227,Shanghai(2012),Crime | Thriller,7.3,10K
tt2073070,Saheb Biwi Aur Gangster(2011),Action | Crime | Drama,7.1,4.3K
tt2077833,Rowdy Rathore(2012),Action | Comedy,5.8,23K
tt2082197,Barfi!(2012),Adventure | Comedy | Drama,8.1,85K
tt2084863,Jo Dooba So Paar: It's Love in Bihar!(2011),Comedy | Crime | Drama,5.8,77
tt2094854,Inkaar(2013),Drama | Romance,6.1,2.7K
tt2100543,Hum Hai Raahi CAR Ke(2013),Adventure | Romance,2.7,174
tt2104937,Miley - Naa Miley - Hum(2011),Comedy | Drama | Romance,3.4,268
tt2106537,Matru ki Bijlee ka Mandola(2013),Comedy | Drama,5.6,6.3K
tt2109200,Shakal Pe Mat Ja(2011),Comedy | Crime | Drama,5.2,46
tt2112124,Chennai Express(2013),Action | Comedy | Romance,6.1,59K
tt2112131,Dabangg 2(2012),Action | Comedy | Drama,4.8,19K
tt2112978,Jo Hum Chahein(2011),Drama | Romance,5.3,109
tt2122340,Ferrari Ki Sawaari(2012),Crime | Family | Sport,6.4,5.7K
tt2126282,Ekk Deewana Tha(2012),Romance,6.1,3.3K
tt2130242,Tere Naal Love Ho Gaya(2012),Comedy | Romance,5.8,4.5K
tt2137064,Lanka(2011),Action | Crime | Drama,5.7,224
tt2138010,3 Nights 4 Days(2009),Romance,5.4,27
tt2140315,Raaz 3: The Third Dimension(2012),Horror | Romance | Thriller,4.1,4K
tt2150074,Koi Hai(2003),Drama | Horror,3.2,15
tt2155776,Yeh Jo Mohabbat Hai(2012),Drama,5.4,88
tt2164702,Zindagi Tere Naam(2012),Romance,4.9,47
tt2166214,Khiladi 786(2012),Action | Comedy,4.3,7.5K
tt2168910,Cocktail(2012),Comedy | Drama | Romance,6.3,15K
tt2172071,Student of the Year(2012),Comedy | Romance,5.2,19K
tt2175671,Ghost(2012),Horror,2.4,249
tt2176013,Jab Tak Hai Jaan(2012),Drama | Romance,6.7,57K
tt2178470,Yeh Jawaani Hai Deewani(2013),Drama | Musical | Romance,7.2,49K
tt2178508,Son of Sardaar(2012),Action | Comedy | Romance,4.2,10K
tt2181931,English Vinglish(2012),Comedy | Drama | Family,7.8,38K
tt2182726,Hansa(2012),Drama,7.5,64
tt2184125,Chaalis Chauraasi(2012),Comedy | Crime,6.1,517
tt2185084,From Sydney with Love(2012),Comedy | Romance,6.3,78
tt2186731,Department(2012),Action,3.2,1.1K
tt2186933,Luv Shuv Tey Chicken Khurana(2012),Comedy,6.6,4K
tt2187167,Unforgettable(2014),Drama | Romance,5.3,61
tt2187972,Shirin Farhad Ki Toh Nikal Padi(2012),Romance,4.6,1.1K
tt2188749,Gali Gali Chor Hai(2012),Drama,5.2,684
tt2188805,Login(2012),Drama | Thriller,5.7,120
tt2188893,Staying Alive(2012),Drama,6.0,35
tt2190256,Daal Mein kuch kaala hai(2012),Comedy,3.9,89
tt2191164,Station(2014),Crime | Drama | Thriller,7.5,96
tt2191641,Chaar Din Ki Chandni(2012),Comedy | Romance,4.1,426
tt2191721,Jodi Breakers(2012),Comedy | Musical | Romance,3.7,1.2K
tt2193145,Maharana Pratap: The First Freedom Fighter(2012),Action | War,5.7,140
tt2203308,Aashiqui 2(2013),Drama | Music | Musical,7.0,31K
tt2207668,Chakradhaar(2012),Action,4.3,38
tt2208248,Machhli Jal Ki Rani Hai(2014),Horror,2.3,320
tt2210576,Myoho(2012),Drama,7.5,16
tt2213054,Kai po che!(2013),Drama | Sport,7.8,38K
tt2215163,Issaq(2013),Drama,4.4,501
tt2215477,Goliyon Ki Rasleela Ram-Leela(2013),Drama | Musical | Romance,6.4,22K
tt2216852,Main Aur Mr. Riight(2014),Comedy | Romance,4.7,396
tt2220828,Identity Card(2014),Comedy | Drama | Sci-Fi,6.0,76
tt2222550,1920: Evil Returns(2012),Drama | Horror | Romance,4.9,2.1K
tt2222716,Baat Bann Gayi(2013),Comedy | Romance,4.9,81
tt2224254,3 Bachelors(2012),Comedy | Romance,3.3,190
tt2224313,Listen... Amaya(2013),Drama,6.5,636
tt2224317,Lootera(2013),Drama | Romance,7.4,16K
tt2224541,Tutiya Dil(2012),Romance,5.4,41
tt2226666,Jism 2(2012),Drama | Romance | Thriller,3.1,3.6K
tt2229842,Table No. 21(2013),Adventure | Thriller,7.2,14K
tt2232524,Mere Dost Picture Abhi Baaki Hai(2012),Comedy,3.8,217
tt2234328,Siyaah..(2012),Horror,5.3,72
tt2236494,Shudra the Rising(2012),History,8.1,1.1K
tt2241224,Cheenti Cheenti Bang Bang(2008),Animation | Family,5.4,26
tt2243336,Aalaap(2012),Sci-Fi,6.2,32
tt2246533,2 Nights in Soul Valley(2012),Adventure | Horror | Mystery,7.7,27
tt2246595,Blood Money(2012),Action | Drama | Thriller,4.8,1.1K
tt2246724,Ghanchakkar(2013),Comedy | Crime | Thriller,5.9,5.2K
tt2251552,Challo Driver(2012),Comedy,5.8,203
tt2253708,Future to Bright Hai Ji(2012),Drama,6.2,107
tt2255934,Aiyyaa(2012),Comedy,4.4,2K
tt2256514,Rush(2012),Thriller,3.9,900
tt2265191,Bumboo(2012),Comedy,4.3,2.3K
tt2275794,Gori Tere Pyaar Mein(2013),Comedy | Romance,4.9,4K
tt2275802,Satyagraha(2013),Drama,5.9,5.3K
tt2278422,Kamaal Dhamaal Malamaal(2012),Comedy,4.2,852
tt2283894,Riyasat(2014),Crime,6.3,52
tt2292625,Chakravyuh(2012),Drama | Thriller | War,6.8,3.4K
tt2294685,Jeena Hai Toh Thok Daal(2012),Drama,5.4,38
tt2301155,Shootout at Wadala(2013),Action | Crime,6.0,7.3K
tt2306721,Second Marriage Dot Com(2012),Drama,7.9,62
tt2308773,Born to Hate... Destined to Love(2012),Action | Drama | Romance,6.5,8.1K
tt2308829,Milta Hai Chance by Chance(2011),Comedy,6.9,13
tt2309764,Singham Returns(2014),Action,5.7,9.4K
tt2309987,Hate Story(2012),Thriller,5.3,3.9K
tt2317103,Sons of Ram(2012),Animation | Drama | Musical,7.1,86
tt2317135,Tamanchey(2014),Crime | Romance,4.5,382
tt2317337,Vicky Donor(2012),Comedy | Romance,7.8,45K
tt2318401,Bandook(2013),Crime | Thriller,5.8,836
tt2319889,Jannat 2(2012),Crime | Drama | Thriller,6.2,5.9K
tt2321163,ABCD (Any Body Can Dance)(2013),Music | Western,6.4,7.3K
tt2321492,Krishna Aur Kans(2012),Animation | Action | Adventure,6.6,265
tt2323964,Mere Dad Ki Maruti(2013),Comedy,6.4,4.9K
tt2327389,Life Ki Toh Lag Gayi(2012),Comedy,5.2,273
tt2332705,Love Recipe(2012),Comedy,4.6,16
tt2337292,Chor chor super chor(2013),Comedy | Drama | Thriller,6.5,238
tt2338151,PK(2014),Comedy | Drama | Fantasy,8.1,195K
tt2339549,Maximum(2012),Crime | Thriller,4.7,219
tt2341766,Nautanki Saala!(2013),Comedy,5.8,4.4K
tt2343417,Chhodo Kal Ki Baatein(2012),Drama,7.4,166
tt2344678,Himmatwala(2013),Action | Comedy,1.7,9K
tt2346744,Cigarette Ki Tarah(2012),Romance | Thriller,4.5,30
tt2347289,Bittoo Boss(2012),Romance,4.1,394
tt2350496,The Lunchbox(2013),Drama | Romance,7.8,59K
tt2353824,Janleva 555(2012),Musical | Romance | Thriller,4.2,30
tt2354223,Mumbai's King(2012),Drama,6.3,179
tt2354407,Teri Meri Kahaani(2012),Drama | Romance,4.9,4.2K
tt2356180,Bhaag Milkha Bhaag(2013),Biography | Drama | History,8.2,70K
tt2356959,Ajab Gazabb Love(2012),Romance,4.4,558
tt2357489,Zanjeer(2013),Action,3.3,2.8K
tt2357926,Ramaiya Vastavaiya(2013),Comedy | Family | Romance,5.7,4.2K
tt2358412,David(2013),Action | Crime | Drama,6.2,2.8K
tt2359810,Raanjhanaa(2013),Drama | Romance,7.6,34K
tt2361148,Club 60(2013),Drama,7.5,477
tt2362778,Saheb Biwi Aur Gangster Returns(2013),Action | Crime | Drama,6.7,4.1K
tt2367056,Chal Pichchur Banate Hain(2012),Drama,6.4,54
tt2369154,R... Rajkumar(2013),Action | Comedy | Romance,5.3,6.4K
tt2372222,Kick(2014),Action | Comedy | Romance,6.0,72K
tt2372678,2 States(2014),Drama | Romance,6.9,27K
tt2377938,Special 26(2013),Crime | Drama | Thriller,8.0,58K
tt2378057,?: A Question Mark(2012),Horror | Mystery | Thriller,5.8,380
tt2387495,Jalpari: The Desert Mermaid(2012),Drama | Family | Mystery,7.1,403
tt2389486,Mai(2013),Drama | Family,6.7,105
tt2389974,Aatma(2013),Drama | Horror | Thriller,3.9,697
tt2401719,Prague(2013),Mystery | Romance | Thriller,5.6,373
tt2402131,Kismet Love Paisa Dilli(2012),Adventure | Comedy | Crime,4.5,615
tt2402691,Saari Raat(2013),Short | Drama,8.5,19
tt2404027,Arjun: The Warrior Prince(2012),Animation | Action | Adventure,6.8,1.9K
tt2404187,Bloody Isshq(2013),Romance,7.6,46
tt2404519,3G - A Killer Connection(2013),Horror | Sci-Fi | Thriller,3.6,1.2K
tt2404673,Overtime(2012),Drama,5.0,33
tt2406636,Bhoot Returns(2012),Horror,2.6,576
tt2406676,Ek Thi Daayan(2013),Horror | Romance | Thriller,5.7,4.4K
tt2416294,Rabba Main Kya Karoon(2013),Comedy | Romance,4.4,304
tt2423132,Akaash Vani(2013),Romance,6.3,2.2K
tt2429640,Murder 3(2013),Thriller,5.0,2.7K
tt2429930,Khwaabb(2014),Drama | Romance | Sport,5.6,76
tt2436516,Go Goa Gone(2013),Action | Adventure | Comedy,6.6,15K
tt2437954,Singh Saab the Great(2013),Action | Drama,5.7,2.4K
tt2438764,Rajjo(2013),Drama | Romance,2.8,632
tt2461132,Happy New Year(2014),Action | Comedy | Crime,4.9,39K
tt2476154,Grand Masti(2013),Comedy | Drama | Romance,4.4,6.5K
tt2510874,Yamla Pagla Deewana 2(2013),Action | Comedy | Drama,3.4,2K
tt2554042,Maazii(2013),Thriller,4.9,120
tt2556308,Holiday(2014),Action | Romance | Thriller,7.2,29K
tt2560016,Rajdhani Express(2013),Action | Drama | Thriller,2.8,279
tt2571140,Boss(2013),Action | Comedy | Drama,5.1,12K
tt2573750,Gulaab Gang(2014),Action | Drama,6.0,2.2K
tt2574698,Gunday(2014),Action | Crime | Drama,2.7,60K
tt2576450,Besharam(2013),Comedy | Romance,3.5,5.8K
tt2589600,Mere Haule Dost(2013),Comedy | Drama,7.2,27
tt2609218,Ragini MMS 2(2014),Horror | Romance | Thriller,3.9,3K
tt2609468,Sona Spa(2013),Drama | Mystery | Thriller,3.4,211
tt2612924,Lucky Kabootar(2014),Comedy,5.0,98
tt2613380,Pehli Nazar Ka Pyaar(2008),Romance,5.0,10
tt2613942,Dehraadun Diary(2013),Thriller,5.8,58
tt2615584,Phata Poster Nikhla Hero(2013),Action | Comedy,4.9,5.2K
tt2621000,Jolly LLB(2013),Comedy | Drama,7.5,21K
tt2622130,Jayantabhai Ki Luv Story(2013),Action | Comedy | Romance,5.3,1.4K
tt2624852,Gangoobai(2013),Drama | Family,7.7,323
tt2630076,Super Nani(2014),Drama,4.7,486
tt2633598,Rise of the Zombie(2013),Drama | Horror | Thriller,3.3,452
tt2635622,The Attacks of 26/11(2013),Drama,6.9,5.4K
tt2675978,Dedh Ishqiya(2014),Comedy | Drama | Romance,7.0,7.4K
tt2679480,Sulemani Keeda(2014),Comedy | Romance,7.0,2.6K
tt2691010,Mumbai 125 KM 3D(2014),Horror,2.6,237
tt2699840,John Day(2013),Drama,5.6,885
tt2706264,Rangrezz(2013),Action |Drama |Adventure,5.2,452
tt2727028,Total Chaos(2014),Comedy | Drama | Romance,5.0,3K
tt2762334,Main Tera Hero(2014),Action | Comedy | Romance,5.1,9.5K
tt2767712,Badlapur Boys(2014),Drama,4.9,141
tt2796318,Mickey Virus(2013),Comedy | Thriller,6.1,2.8K
tt2797242,Bombay Talkies(2013),Drama,6.6,5.6K
tt2798620,Chhota Bheem and the Curse of Damyaan(2012),Animation | Adventure | Fantasy,6.3,303
tt2804026,Aurangzeb(2013),Action | Drama | Thriller,6.5,4.4K
tt2806788,Fukrey(2013),Comedy | Drama | Romance,6.9,12K
tt2814372,Gippi(2013),Comedy | Drama,5.6,881
tt2826126,Shree(2013),Sci-Fi,6.3,307
tt2848824,Bajatey Raho(2013),Comedy | Drama | Thriller,5.3,769
tt2855648,Madras Cafe(2013),Action | Drama | History,7.6,25K
tt2857500,Saare Jahaan Se Mehnga...(2013),Comedy | Drama,7.1,1.3K
tt2861320,Policegiri(2013),Action | Comedy | Drama,4.2,1.6K
tt2871010,Sonali Cable(2014),Drama,5.3,1.1K
tt2876408,Mr Joe B. Carvalho(2014),Comedy,3.5,598
tt2905838,Bang Bang(2014),Action | Adventure | Comedy,5.6,25K
tt2907156,Paranthe Wali Gali(2014),Drama | Romance,5.0,93
tt2912578,Ankur Arora Murder Case(2013),Drama | Thriller,6.5,2.1K
tt2929840,Zindagi 50 50(2013),Drama,2.8,248
tt2941856,Enemmy(2013),Action | Crime | Drama,5.0,254
tt2946506,It's Rocking: Dard-E-Disco(2012),Comedy,4.9,13
tt2951576,One by Two(2014),Comedy | Drama | Romance,3.9,762
tt2976172,Sixteen(2013),Drama | Romance | Thriller,6.2,1.8K
tt2976176,Lakshmi(2014),Drama,7.9,1.7K
tt2978626,Entertainment(2014),Comedy,4.5,9.1K
tt2980794,Highway(2014),Drama | Romance,7.6,30K
tt2988272,Shuddh Desi Romance(2013),Comedy | Drama | Romance,5.8,10K
tt2998196,Kuku Mathur Ki Jhand Ho Gayi(2014),Comedy | Romance,5.3,258
tt3001638,Mary Kom(2014),Biography | Drama | Sport,6.8,11K
tt3005850,Sooper Se Ooper(2013),Comedy,4.3,202
tt3017412,Happy Ending(2014),Comedy | Romance,5.3,3.8K
tt3021244,Chaarfutiya Chhokare(2014),Drama | Thriller,5.7,54
tt3031896,Lakeer ka Fakeer(2013),Crime,5.2,151
tt3036740,Humshakals(2014),Comedy,1.7,8.5K
tt3038772,Kaanchi(2014),Drama | Musical | Romance,4.3,676
tt3044882,Nasha(2013),Drama | Romance | Thriller,3.2,1.3K
tt3045946,Tara: The Journey of Love and Passion(2013),Drama,4.8,136
tt3056632,Manjunath(2014),Drama,7.1,509
tt3059106,Satya 2(2013),Crime,5.8,1K
tt3138602,Warning(2013),Adventure | Thriller,4.7,287
tt3142232,Heropanti(2014),Action | Romance,5.2,10K
tt3142688,Finding Fanny(2014),Comedy | Drama | Romance,5.7,6.6K
tt3160450,Ooops a Desi(2013),Thriller,7.0,185
tt3169676,Meinu Ek Ladki Chaahiye(2014),Drama,3.4,17
tt3169704,Raqt(2013),Thriller,5.8,10
tt3173910,Hasee Toh Phasee(2014),Comedy | Romance,6.8,16K
tt3177332,Horror Story(2013),Horror,4.2,2K
tt3211088,Le Gaya Saddam(2012),Comedy,6.3,22
tt3211170,Say Yes to Love(2012),Romance,6.5,16
tt3257168,Shorts(2013),Drama,6.4,475
tt3260588,Bin Phere Free Me Tere(2013),Comedy,4.6,23
tt3290688,Revolver Rani(2014),Action | Comedy | Crime,4.6,2K
tt3302962,Shaadi Ke Side Effects(2014),Comedy | Romance,5.6,4.2K
tt3303416,Ya Rab(2014),Drama,6.0,289
tt3309662,Jackpot(2013),Comedy | Thriller,2.0,806
tt3309844,Titoo MBA(2014),Comedy,4.4,119
tt3322420,Queen(2014),Adventure | Comedy | Drama,8.1,67K
tt3324810,Chhota Bheem and the Throne of Bali(2013),Animation,5.9,240
tt3334348,Heartless(2014),Drama | Family | Romance,5.2,527
tt3357416,What the Fish(2013),Adventure | Comedy | Drama,5.1,231
tt3359290,Bobby Jasoos(2014),Comedy | Drama | Thriller,5.5,2.4K
tt3362728,Ungli(2014),Comedy | Drama | Thriller,5.9,4.1K
tt3369670,Children of War(2014),Drama | History | War,6.6,1.3K
tt3380264,Kill Dil(2014),Action | Crime | Drama,4.5,4.4K
tt3382148,Yaariyan(2014),Drama | Romance,2.7,3.6K
tt3390572,Haider(2014),Crime | Drama | Romance,8.0,56K
tt3398052,Daawat-e-Ishq(2014),Comedy | Drama | Romance,6.1,6K
tt3415692,Mahabharat(2013),Animation | Action,5.3,635
tt3426144,Babloo Happy Hai(2014),Comedy | Drama | Romance,6.8,88
tt3449320,Darr @ the Mall(2014),Horror | Thriller,4.9,1K
tt3465488,Karle Pyaar Karle(2014),Action | Romance,2.5,158
tt3483596,O Teri(2014),Comedy | Drama,3.4,646
tt3483646,Bewakoofiyaan(2014),Comedy | Drama | Romance,5.5,4.5K
tt3483712,Raja Natwarlal(2014),Drama | Thriller,6.2,4.5K
tt3495000,Mardaani(2014),Action | Drama | Thriller,7.3,13K
tt3498050,Mokssh(2013),Drama | Musical,6.4,20
tt3498078,Ebn-e-Batuta(2014),Sci-Fi,4.4,33
tt3501994,Hawaa Hawaai(2014),Drama | Family | Sport,7.3,1.8K
tt3514330,Youngistaan(2014),Drama,5.2,1.9K
tt3524410,Yeh Hai Bakrapur(2014),Comedy | Drama,3.9,317
tt3527144,The Dirty Relation(2013),Thriller,3.6,15
tt3531604,Gang of Ghosts(2014),Comedy | Drama,3.7,432
tt3531852,Bhoothnath Returns(2014),Comedy | Drama | Fantasy,6.6,6K
tt3539966,Dishkiyaoon(2014),Action | Thriller,5.2,1.1K
tt3542028,Chal Bhaag(2014),Comedy,3.7,110
tt3554418,Khoobsurat(2014),Comedy | Romance,6.4,8.9K
tt3565354,Karar: The Deal(2014),Thriller,4.3,71
tt3585758,Kahin Hai Mera Pyar(2014),Drama | Musical | Romance,6.5,22
tt3592020,Neighbours(2014),Horror,3.4,58
tt3617048,Angry Young Man(2014),Action,5.7,14
tt3619772,Hate Story 2(2014),Drama | Romance | Thriller,4.4,2.3K
tt3619854,Creature(2014),Horror | Sci-Fi,3.2,1.5K
tt3636776,Samrat & Co.(2014),Mystery,6.2,1.4K
tt3640942,Koyelaanchal(2014),Action | Drama,5.4,287
tt3645014,The Xpose(2014),Thriller,3.3,1.7K
tt3672618,Dekh Tamasha Dekh(2014),Comedy,6.1,306
tt3678938,Humpty Sharma Ki Dulhania(2014),Comedy | Drama | Romance,6.0,14K
tt3681414,Purani Jeans(2014),Drama,6.2,842
tt3683702,Fugly(2014),Drama | Thriller,4.7,1.1K
tt3709344,CityLights(2014),Drama | Thriller,7.3,5.3K
tt3716142,Lekar Hum Deewana Dil(2014),Comedy | Romance,4.7,712
tt3720634,3 AM: A Paranormal Experience(2014),Horror | Romance,4.4,611
tt3748000,Bollywood Villa(2014),Thriller,5.1,14
tt3794302,Pizza(2014),Horror | Thriller,6.2,1.4K
tt3814100,M.A.D: Mad About Dance(2014),Drama | Musical,5.2,131
tt3822600,Amit Sahni Ki List(2014),Comedy | Romance,5.4,372
tt3847072,Ekkees Toppon Ki Salaami(2014),Comedy,6.1,556
tt3848888,The Shaukeens(2014),Comedy,4.9,3.1K
tt3877652,Desi Kattey(2014),Action,4.3,153
tt3881136,Life Is Beautiful(2014),Comedy | Romance,5.5,55
tt3893476,Spark(2014),Action,5.8,47
tt4010306,Jigariyaa(2014),Drama,4.9,323
tt4045666,Mumbai Delhi Mumbai(2014),Comedy | Romance,5.7,380
tt4119196,Love U Crazy Girl(2014),Mystery,4.8,12
tt4187650,Trip to Bhangarh(2014),Horror,2.5,316
tt4219300,Gollu aur Pappu(2014),Comedy,3.8,127
tt4228746,Zid(2014),Thriller,4.5,1.4K
